UDI,Product ID,Type,Air temperature [K],Process temperature [K],Rotational speed [rpm],Torque [Nm],Tool wear [min],Machine failure,TWF,HDF,PWF,OSF,RNF
1420,L48599,L,298.7,309.8,1354,53.3,212,1,0,0,0,1,0
2301,L49480,L,299.3,308.6,1371,50.5,136,0,0,0,0,0,0
3427,L50606,L,301.5,310.5,1380,48.7,160,0,0,0,0,0,0
6381,L53560,L,300.2,309.8,1430,55.0,102,0,0,0,0,0,0
3745,L50924,L,302.5,311.4,1409,53.1,126,0,0,0,0,0,0
3104,L50283,L,299.8,309.1,1668,30.3,200,0,0,0,0,0,0
1504,L48683,L,298.0,308.7,1771,26.2,206,0,0,0,0,0,0
4509,L51688,L,302.4,310.0,1426,46.6,102,0,0,0,0,0,0
8614,M23473,M,297.5,308.5,1401,50.5,6,0,0,0,0,0,0
3112,L50291,L,300.0,309.2,1759,27.9,5,0,0,0,0,0,0
7367,H36780,H,299.6,310.1,1531,36.8,62,0,0,0,0,0,0
2667,H32080,H,299.7,309.2,1691,27.7,203,0,0,0,0,0,0
7769,M22628,M,300.2,311.4,1960,20.9,20,0,0,0,0,0,0
9622,M24481,M,299.0,310.0,2049,19.5,111,0,0,0,0,0,0
8427,L55606,L,299.1,310.5,1628,35.9,174,0,0,0,0,0,0
845,L48024,L,296.5,307.5,1566,35.1,206,0,0,0,0,0,0
7900,L55079,L,300.9,312.4,1364,52.5,125,0,0,0,0,0,0
2084,H31497,H,299.4,309.3,1743,28.2,0,0,0,0,0,0,0
9648,L56827,L,299.2,310.2,1458,47.0,183,0,0,0,0,0,0
6464,H35877,H,300.5,310.0,1358,60.4,102,0,0,0,0,0,0
8472,L55651,L,298.6,309.8,1332,46.4,76,0,0,0,0,0,0
2094,L49273,L,299.4,309.2,1564,39.0,26,0,0,0,0,0,0
837,L48016,L,296.6,307.4,1368,45.1,185,0,0,0,0,0,0
27,L47206,L,299.1,309.5,1512,39.0,75,0,0,0,0,0,0
2686,L49865,L,299.8,309.4,1609,32.5,27,0,0,0,0,0,0
1935,L49114,L,298.1,307.9,1698,33.3,40,0,0,0,0,0,0
1868,L49047,L,298.1,307.9,1502,41.8,79,0,0,0,0,0,0
155,L47334,L,298.4,308.2,1528,36.2,196,0,0,0,0,0,0
9115,L56294,L,297.6,308.7,1476,39.0,44,0,0,0,0,0,0
5230,H34643,H,303.9,313.1,1790,26.7,17,0,0,0,0,0,0
2223,L49402,L,299.7,309.0,1605,33.0,151,0,0,0,0,0,0
9281,H38694,H,298.2,308.8,1470,43.3,61,0,0,0,0,0,0
8386,H37799,H,298.8,309.8,1563,38.8,65,0,0,0,0,0,0
6080,M20939,M,300.8,310.7,1371,44.7,205,0,0,0,0,0,0
5302,L52481,L,303.8,313.1,1309,55.8,193,0,0,0,0,0,0
3242,H32655,H,300.9,309.5,1469,43.4,126,0,0,0,0,0,0
7914,L55093,L,300.7,312.1,1395,41.9,157,0,0,0,0,0,0
2604,M17463,M,299.3,309.2,1334,46.3,31,0,0,0,0,0,0
1494,L48673,L,298.0,308.8,1496,44.9,179,0,0,0,0,0,0
3141,H32554,H,300.4,309.9,2563,12.8,81,1,0,0,1,0,0
1551,L48730,L,298.4,308.9,1638,32.4,109,0,0,0,0,0,0
651,L47830,L,297.6,309.2,1611,33.1,155,0,0,0,0,0,0
1460,L48639,L,299.0,310.3,1472,36.1,97,0,0,0,0,0,0
848,L48027,L,296.4,307.4,2833,5.6,213,1,0,0,1,0,0
3216,M18075,M,300.5,309.4,2179,16.3,59,0,0,0,0,0,0
3921,L51100,L,302.6,311.5,1885,27.5,147,0,0,0,0,0,0
5332,L52511,L,303.7,312.8,1448,44.5,55,0,0,0,0,0,0
9212,M24071,M,298.0,309.0,1409,49.1,85,0,0,0,0,0,0
4397,H33810,H,302.3,310.1,1383,42.9,24,0,0,0,0,0,0
5810,H35223,H,301.3,311.0,1580,36.6,184,0,0,0,0,0,0
3645,L50824,L,302.2,311.5,1548,32.4,81,0,0,0,0,0,0
7525,L54704,L,300.2,311.5,1639,31.1,31,0,0,0,0,0,0
5898,M20757,M,301.0,310.7,1517,40.2,171,0,0,0,0,0,0
5443,L52622,L,303.1,312.7,1353,51.8,97,0,0,0,0,0,0
9888,L57067,L,298.8,309.5,1368,44.7,147,0,0,0,0,0,0
2852,L50031,L,300.5,309.3,1373,48.8,211,0,0,0,0,0,0
4620,H34033,H,303.1,311.3,2056,19.7,167,0,0,0,0,0,0
802,L47981,L,296.9,307.8,1285,52.1,100,0,0,0,0,0,0
4801,M19660,M,303.5,312.5,1353,51.0,172,0,0,0,0,0,0
6024,M20883,M,300.7,310.9,1369,51.2,63,0,0,0,0,0,0
6838,M21697,M,301.0,311.0,1423,38.6,199,0,0,0,0,0,0
9896,L57075,L,298.8,309.4,1387,54.1,171,0,0,0,0,0,0
1262,H30675,H,297.6,309.0,1885,25.2,24,0,0,0,0,0,0
2809,L49988,L,299.9,309.3,1471,41.8,109,0,0,0,0,0,0
9576,M24435,M,299.6,310.8,1603,35.4,202,0,0,0,0,0,0
7356,L54535,L,299.6,310.2,1588,34.1,38,0,0,0,0,0,0
9198,M24057,M,297.9,308.8,1469,49.0,51,0,0,0,0,0,0
2562,L49741,L,299.4,309.2,1607,31.7,145,0,0,0,0,0,0
6756,M21615,M,301.8,311.1,1663,31.6,199,0,0,0,0,0,0
4128,H33541,H,302.0,310.6,1438,43.2,12,0,0,0,0,0,0
8768,L55947,L,297.5,308.6,1380,53.5,192,0,0,0,0,0,0
2213,L49392,L,299.7,309.1,1475,40.0,123,0,0,0,0,0,0
1893,M16752,M,297.8,307.4,1438,43.6,141,0,0,0,0,0,0
8607,M23466,M,297.5,308.4,1505,37.2,215,0,0,0,0,0,0
9453,M24312,M,298.0,308.7,1392,53.4,104,0,0,0,0,0,0
8207,L55386,L,299.3,310.8,1483,43.5,15,0,0,0,0,0,0
9310,L56489,L,298.3,309.2,1562,37.6,137,0,0,0,0,0,0
2582,L49761,L,299.2,309.1,1345,60.7,191,1,0,0,0,1,0
7727,M22586,M,300.8,311.9,1761,29.0,113,0,0,0,0,0,0
3678,M18537,M,302.3,311.7,1368,53.6,165,0,0,0,0,0,0
7255,L54434,L,300.3,310.4,1493,37.5,219,0,0,0,0,0,0
1183,L48362,L,297.3,308.3,1410,48.1,23,0,0,0,0,0,0
4,L47183,L,298.2,308.6,1433,39.5,7,0,0,0,0,0,0
1796,M16655,M,298.1,307.7,1498,38.3,81,0,0,0,0,0,0
9710,M24569,M,299.0,310.0,1486,34.6,91,0,0,0,0,0,0
3139,L50318,L,300.4,309.9,1376,43.5,74,0,0,0,0,0,0
5266,M20125,M,303.5,312.9,1883,23.3,100,0,0,0,0,0,0
2427,M17286,M,298.9,308.2,1372,63.6,30,1,0,0,1,0,0
3969,M18828,M,302.3,311.4,1418,41.3,62,0,0,0,0,0,0
8852,M23711,M,297.7,308.9,1573,35.1,9,0,0,0,0,0,0
22,L47201,L,298.8,309.3,1450,44.8,63,0,0,0,0,0,0
9673,H39086,H,299.0,310.2,1744,31.5,0,0,0,0,0,0,0
8086,L55265,L,300.2,311.4,1331,49.8,143,0,0,0,0,0,0
8140,L55319,L,299.5,310.8,1571,38.2,74,0,0,0,0,0,0
2305,L49484,L,299.1,308.5,1455,39.8,145,0,0,0,0,0,0
745,L47924,L,296.7,308.1,1450,40.9,195,0,0,0,0,0,0
5883,L53062,L,301.4,311.1,1469,36.9,133,0,0,0,0,0,0
8917,L56096,L,297.1,308.2,2267,15.7,181,0,0,0,0,0,0
4817,L51996,L,303.4,312.0,1521,35.9,215,1,1,0,0,0,0
5087,L52266,L,304.0,313.0,1541,45.9,64,0,0,0,0,0,0
7396,M22255,M,299.7,310.6,1572,38.0,139,0,0,0,0,0,0
4161,M19020,M,302.0,310.4,1608,33.1,97,0,0,0,0,0,0
5014,M19873,M,303.8,312.9,1594,35.2,69,0,0,0,0,0,0
9983,M24842,M,298.7,308.4,1507,45.7,192,0,0,0,0,0,0
5442,M20301,M,303.0,312.6,1392,42.9,94,0,0,0,0,0,0
489,L47668,L,297.4,309.2,1584,42.8,186,0,0,0,0,0,0
3039,L50218,L,300.4,309.5,1349,50.4,30,0,0,0,0,0,0
9199,M24058,M,297.9,308.8,1538,37.6,54,0,0,0,0,0,0
4407,L51586,L,302.5,310.3,1326,58.5,55,1,0,1,0,0,0
8055,L55234,L,300.4,311.8,1405,47.9,58,0,0,0,0,0,0
615,M15474,M,298.0,309.9,1445,45.2,55,0,0,0,0,0,0
262,L47441,L,298.1,308.2,1654,32.1,25,0,0,0,0,0,0
304,M15163,M,297.8,308.4,1479,43.5,143,0,0,0,0,0,0
5552,H34965,H,302.4,311.9,1366,47.3,162,0,0,0,0,0,0
3602,L50781,L,301.7,310.5,1377,43.1,183,0,0,0,0,0,0
691,H30104,H,297.6,309.0,1413,40.2,51,0,0,0,0,0,0
1569,L48748,L,298.2,308.2,1407,47.1,153,0,0,0,0,0,0
4016,L51195,L,302.1,310.9,1477,41.4,184,0,0,0,0,0,0
391,L47570,L,297.6,308.7,1460,46.7,150,0,0,0,0,0,0
551,L47730,L,297.4,309.2,1698,29.4,119,0,0,0,0,0,0
8403,L55582,L,298.5,309.5,1370,52.4,113,0,0,0,0,0,0
5951,L53130,L,300.7,310.8,1689,28.9,100,0,0,0,0,0,0
339,L47518,L,297.5,308.2,1563,38.2,15,0,0,0,0,0,0
616,L47795,L,298.1,309.9,1642,30.4,58,0,0,0,0,0,0
5245,L52424,L,303.6,313.0,1593,31.6,52,0,0,0,0,0,0
4718,M19577,M,303.4,311.6,1425,45.4,184,0,0,0,0,0,0
2382,L49561,L,299.1,308.2,1493,34.9,119,0,0,0,0,0,0
2214,L49393,L,299.7,309.1,1473,39.4,125,0,0,0,0,0,0
9626,M24485,M,299.0,310.1,1487,47.5,123,0,0,0,0,0,0
8655,M23514,M,297.4,308.4,1441,46.8,116,0,0,0,0,0,0
8798,L55977,L,297.2,308.3,1569,31.2,63,0,0,0,0,0,0
7893,M22752,M,300.9,312.6,1555,40.6,109,0,0,0,0,0,0
8275,L55454,L,298.9,310.5,1640,29.2,195,0,0,0,0,0,0
4078,L51257,L,302.0,310.5,1635,39.8,99,0,0,0,0,0,0
9411,M24270,M,298.0,308.5,1666,31.0,198,0,0,0,0,0,0
7721,H37134,H,300.5,311.6,1476,41.7,97,0,0,0,0,0,0
1427,M16286,M,298.7,309.7,1622,34.6,8,0,0,0,0,0,0
6593,M21452,M,301.6,310.7,1457,47.8,7,0,0,0,0,0,0
1687,H31100,H,297.9,307.3,1663,28.7,7,0,0,0,0,0,0
4799,L51978,L,303.5,312.5,1457,46.4,168,0,0,0,0,0,0
600,H30013,H,297.7,309.7,1616,31.1,20,0,0,0,0,0,0
6930,M21789,M,301.0,311.6,1301,55.0,9,0,0,0,0,0,0
5135,L52314,L,304.1,313.3,1438,45.5,188,0,0,0,0,0,0
7375,L54554,L,299.5,310.0,1379,50.4,85,0,0,0,0,0,0
9644,L56823,L,299.4,310.4,1509,40.6,175,0,0,0,0,0,0
9969,L57148,L,298.4,308.0,1605,32.4,154,0,0,0,0,0,0
6535,L53714,L,301.3,310.6,1436,44.2,76,0,0,0,0,0,0
4040,L51219,L,301.9,310.8,1567,39.3,9,0,0,0,0,0,0
9783,L56962,L,298.7,309.9,1404,47.1,64,0,0,0,0,0,0
755,M15614,M,296.9,308.1,1483,44.3,219,0,0,0,0,0,0
2843,L50022,L,300.3,309.3,1345,53.5,192,0,0,0,0,0,0
4746,H34159,H,303.2,311.2,1475,43.1,20,0,0,0,0,0,0
8825,M23684,M,297.3,308.9,1799,24.5,137,0,0,0,0,0,0
4836,M19695,M,303.4,311.9,1419,50.9,39,0,0,0,0,0,0
6359,M21218,M,300.2,309.8,1466,45.7,41,0,0,0,0,0,0
9822,L57001,L,298.6,309.4,1667,35.6,185,0,0,0,0,0,0
8344,H37757,H,298.8,309.8,1437,48.2,164,0,0,0,0,0,0
3399,L50578,L,301.4,310.7,1675,30.7,92,0,0,0,0,0,0
3750,L50929,L,302.4,311.1,1652,33.9,139,0,0,0,0,0,0
4081,L51260,L,302.0,310.4,1357,58.0,108,1,0,1,0,0,0
7771,L54950,L,300.3,311.5,1548,32.2,25,0,0,0,0,0,0
5253,L52432,L,303.5,313.0,1322,59.5,71,0,0,0,0,0,0
4636,M19495,M,303.0,311.2,1614,35.7,207,0,0,0,0,0,0
983,L48162,L,296.2,306.9,1516,39.1,138,0,0,0,0,0,0
6425,M21284,M,300.3,310.0,1409,43.2,9,0,0,0,0,0,0
889,M15748,M,295.6,306.1,1651,28.1,110,0,0,0,0,0,0
7568,M22427,M,300.2,311.0,2370,14.7,144,0,0,0,0,0,0
4350,L51529,L,301.9,309.7,1595,31.4,133,0,0,0,0,0,0
174,M15033,M,298.2,308.0,1591,33.7,32,0,0,0,0,0,0
2689,L49868,L,299.9,309.4,1322,53.9,33,0,0,0,0,0,0
1197,M16056,M,297.0,307.9,1493,34.7,57,0,0,0,0,0,0
9481,M24340,M,298.9,309.6,1434,43.8,180,0,0,0,0,0,0
8190,L55369,L,299.7,311.0,1983,21.0,201,0,0,0,0,0,0
3631,L50810,L,302.0,311.2,1845,27.3,45,0,0,0,0,0,0
7200,L54379,L,300.0,309.9,1507,41.4,74,0,0,0,0,0,0
65,L47244,L,299.0,309.1,1523,38.6,177,0,0,0,0,0,0
5260,L52439,L,303.5,312.9,1544,36.9,87,0,0,0,0,0,0
5716,H35129,H,302.2,311.9,1597,35.8,160,0,0,0,0,0,0
1395,L48574,L,299.1,310.4,1527,44.0,149,0,0,0,0,0,0
5254,L52433,L,303.5,313.0,1547,40.3,73,0,0,0,0,0,0
4810,L51989,L,303.4,312.2,1656,32.7,195,0,0,0,0,0,0
7028,L54207,L,300.6,310.6,1508,34.8,62,0,0,0,0,0,0
8979,L56158,L,296.9,307.6,1435,45.0,119,0,0,0,0,0,0
4642,H34055,H,303.1,311.3,1494,42.7,221,0,0,0,0,0,0
3159,L50338,L,300.4,309.7,1679,30.1,136,0,0,0,0,0,0
7360,M22219,M,299.4,310.0,1512,43.2,47,0,0,0,0,0,0
1653,H31066,H,297.9,307.8,1635,34.0,142,0,0,0,0,0,0
7768,H37181,H,300.2,311.4,1319,54.6,15,0,0,0,0,0,0
6251,L53430,L,300.8,310.2,1520,37.7,193,0,0,0,0,0,0
9536,M24395,M,299.3,310.6,1609,31.4,99,0,0,0,0,0,0
6733,L53912,L,301.7,311.0,1503,44.8,134,0,0,0,0,0,0
1752,L48931,L,298.3,307.6,1942,20.6,176,0,0,0,0,0,0
2491,H31904,H,299.1,308.8,1566,46.6,192,0,0,0,0,0,0
6573,L53752,L,301.4,310.7,1428,53.7,176,0,0,0,0,0,0
7969,L55148,L,300.9,312.2,1811,23.2,72,0,0,0,0,0,0
466,M15325,M,297.3,308.6,1456,42.9,122,0,0,0,0,0,0
2664,L49843,L,299.9,309.3,1620,31.1,196,0,0,0,0,0,0
9456,L56635,L,298.5,309.2,1983,20.2,114,0,0,0,0,0,0
8155,L55334,L,299.6,310.7,1393,52.1,110,0,0,0,0,0,0
7673,M22532,M,300.5,311.7,2141,17.2,196,0,0,0,0,0,0
3934,L51113,L,302.6,311.6,1576,34.7,182,0,0,0,0,0,0
4316,M19175,M,301.4,310.0,1651,29.8,44,0,0,0,0,0,0
4096,H33509,H,302.0,310.5,1459,43.2,148,0,0,0,0,0,0
2162,L49341,L,299.4,309.1,1464,40.5,215,0,0,0,0,0,0
8464,M23323,M,298.7,309.9,1411,45.1,51,0,0,0,0,0,0
7212,L54391,L,299.8,309.7,1431,40.3,101,0,0,0,0,0,0
4945,M19804,M,303.6,312.7,1765,27.5,115,0,0,0,0,0,0
5337,L52516,L,303.2,312.4,1663,33.7,71,0,0,0,0,0,0
6054,L53233,L,300.8,310.9,1748,29.9,140,0,0,0,0,0,0
1106,M15965,M,296.6,307.5,1734,27.0,50,0,0,0,0,0,0
7238,M22097,M,299.8,310.0,1632,33.7,172,0,0,0,0,0,0
935,M15794,M,295.5,306.0,1326,50.8,18,0,0,0,0,0,0
7125,M21984,M,300.8,310.3,1868,24.5,95,0,0,0,0,0,0
6122,L53301,L,300.9,311.1,1457,37.4,96,0,0,0,0,0,0
4792,M19651,M,303.7,312.7,1469,48.5,147,0,0,0,0,0,0
7728,M22587,M,300.7,311.9,1657,30.9,116,0,0,0,0,0,0
7391,M22250,M,299.7,310.5,1490,41.2,126,0,0,0,0,0,0
8036,L55215,L,300.7,311.7,1910,19.7,13,0,0,0,0,0,0
4410,M19269,M,302.4,310.1,1358,54.6,61,1,0,1,0,0,0
5623,L52802,L,302.9,312.2,1571,40.6,139,0,0,0,0,0,0
5026,M19885,M,303.9,313.1,1473,42.8,97,0,0,0,0,0,0
1207,H30620,H,296.9,308.0,1318,53.5,88,0,0,0,0,0,0
8558,L55737,L,298.3,309.0,1471,48.3,91,0,0,0,0,0,0
8254,L55433,L,299.1,310.4,1657,31.0,129,0,0,0,0,0,0
5989,H35402,H,300.7,310.8,1296,58.2,204,0,0,0,0,0,0
2035,M16894,M,298.8,308.5,1425,47.4,90,0,0,0,0,0,0
801,M15660,M,297.0,307.9,1882,24.2,97,0,0,0,0,0,0
9618,L56797,L,299.0,310.2,1516,35.3,102,0,0,0,0,0,0
1303,L48482,L,298.6,309.8,1505,45.7,144,0,0,0,0,0,1
9884,H39297,H,298.7,309.6,1654,34.3,136,0,0,0,0,0,0
5735,L52914,L,302.3,311.8,1369,56.2,208,1,0,0,0,1,0
2437,H31850,H,299.0,308.2,1662,30.4,55,0,0,0,0,0,0
4229,L51408,L,302.2,310.8,2203,16.6,47,0,0,0,0,0,0
3690,L50869,L,302.1,311.4,1889,22.7,194,0,0,0,0,0,0
7858,L55037,L,300.5,311.9,1432,43.1,16,0,0,0,0,0,0
373,M15232,M,297.4,308.3,1405,51.7,108,0,0,0,0,0,0
7652,M22511,M,300.4,311.5,1476,32.6,144,0,0,0,0,0,0
8513,H37926,H,298.3,309.6,1546,36.2,177,0,0,0,0,0,0
7033,L54212,L,300.7,310.9,1723,31.0,73,0,0,0,0,0,0
6878,M21737,M,300.8,311.2,1488,40.1,87,0,0,0,0,0,0
3467,L50646,L,301.7,310.6,1447,56.9,47,0,0,0,0,0,0
3854,L51033,L,302.4,311.0,1486,40.4,192,0,0,0,0,0,0
9454,H38867,H,298.2,309.0,1360,56.8,107,0,0,0,0,0,0
5476,L52655,L,302.7,312.2,1336,46.8,179,0,0,0,0,0,0
1310,L48489,L,298.9,310.2,1654,31.1,158,0,0,0,0,0,0
6256,L53435,L,301.0,310.5,1379,57.3,204,1,0,0,0,1,0
4902,M19761,M,303.6,312.3,1630,32.4,223,0,0,0,0,0,0
7895,M22754,M,300.8,312.6,1588,35.6,114,0,0,0,0,0,0
1861,L49040,L,297.8,307.6,1607,30.3,62,0,0,0,0,0,0
2409,L49588,L,299.0,308.4,1356,52.6,188,0,0,0,0,0,0
9921,H39334,H,298.5,308.7,1450,43.9,28,0,0,0,0,0,0
9681,L56860,L,299.1,310.1,1894,24.2,22,0,0,0,0,0,0
3840,M18699,M,302.3,311.0,1578,33.5,158,0,0,0,0,0,0
7270,M22129,M,300.4,310.5,1540,33.4,32,0,0,0,0,0,0
9339,H38752,H,298.5,309.0,1531,30.8,212,0,0,0,0,0,0
6057,L53236,L,300.8,310.8,1634,29.2,149,0,0,0,0,0,0
9843,L57022,L,298.4,309.3,1395,47.6,24,0,0,0,0,0,0
2344,L49523,L,299.1,308.3,1305,61.4,17,0,0,0,0,0,0
1104,M15963,M,296.7,307.4,1540,38.7,45,0,0,0,0,0,0
8613,L55792,L,297.5,308.4,1441,44.5,4,0,0,0,0,0,0
3265,H32678,H,301.3,310.1,1455,44.1,188,0,0,0,0,0,0
8787,L55966,L,297.5,308.5,1306,50.7,38,0,0,0,0,0,0
1633,L48812,L,297.9,307.9,1426,43.6,89,0,0,0,0,0,0
8667,L55846,L,297.5,308.7,1407,42.5,145,0,0,0,0,0,0
1507,L48686,L,298.0,308.8,1610,33.7,212,0,0,0,0,0,0
9178,L56357,L,297.9,309.1,1504,43.0,4,0,0,0,0,0,0
8723,L55902,L,297.2,308.6,1366,50.4,74,0,0,0,0,0,0
9740,L56919,L,298.9,310.0,1515,42.9,170,0,0,0,0,0,0
7830,L55009,L,299.8,311.2,1664,28.3,173,0,0,0,0,0,0
6585,L53764,L,301.5,310.5,1372,44.0,203,0,0,0,0,0,0
1788,L48967,L,298.4,308.2,1364,45.9,63,0,0,0,0,0,0
9125,L56304,L,297.4,308.4,1426,50.4,70,0,0,0,0,0,0
2873,L50052,L,300.8,309.6,1680,28.7,22,0,0,0,0,0,0
3425,L50604,L,301.5,310.5,1593,32.9,155,0,0,0,0,0,0
1216,L48395,L,296.8,307.9,1709,28.4,118,0,0,0,0,0,0
4644,L51823,L,303.2,311.4,1324,54.2,228,1,0,1,0,1,0
6364,M21223,M,300.0,309.6,1618,36.2,53,0,0,0,0,0,0
9847,L57026,L,298.3,309.0,1339,58.8,35,0,0,0,0,0,0
8508,L55687,L,298.4,309.7,1518,39.8,165,0,0,0,0,0,0
7366,L54545,L,299.6,310.1,2057,20.4,60,0,0,0,0,0,0
4931,L52110,L,303.4,312.3,1663,33.9,78,0,0,0,0,0,0
5505,L52684,L,302.8,312.2,1458,51.0,42,0,0,0,0,0,0
5242,L52421,L,303.7,313.1,1683,28.4,46,0,0,0,0,0,0
1657,L48836,L,298.2,308.1,1532,42.5,154,0,0,0,0,0,0
9451,M24310,M,298.0,308.7,1494,42.6,96,0,0,0,0,0,0
9066,H38479,H,297.2,308.4,2182,17.3,119,0,0,0,0,0,0
3709,L50888,L,302.1,311.4,1549,44.6,31,0,0,0,0,0,0
7319,H36732,H,299.9,310.3,1535,43.9,154,0,0,0,0,0,0
2839,L50018,L,300.3,309.3,1478,39.5,180,0,0,0,0,0,0
756,H30169,H,296.8,308.1,1492,43.7,222,0,0,0,0,0,0
8671,L55850,L,297.5,308.9,1581,30.4,155,0,0,0,0,0,0
5583,L52762,L,302.5,312.0,2052,18.9,40,0,0,0,0,0,0
1580,L48759,L,298.3,308.3,1444,43.8,176,0,0,0,0,0,0
4716,L51895,L,303.4,311.7,1476,42.3,180,0,0,0,0,0,0
6058,L53237,L,300.8,310.8,1689,32.9,151,0,0,0,0,0,0
4830,L52009,L,303.4,311.9,1491,38.2,26,0,0,0,0,0,0
4617,L51796,L,303.1,311.4,1829,24.5,159,0,0,0,0,0,0
7987,L55166,L,301.1,312.3,1587,34.5,115,0,0,0,0,0,0
7037,L54216,L,300.7,310.6,1540,52.7,85,0,0,0,0,0,0
5150,L52329,L,304.3,313.5,1452,41.5,15,0,0,0,0,0,0
561,L47740,L,297.5,309.4,1318,58.2,146,0,0,0,0,0,0
5518,L52697,L,302.6,311.9,1448,49.5,72,0,0,0,0,0,0
7958,H37371,H,300.9,311.9,2140,16.5,43,0,0,0,0,0,0
1125,M15984,M,296.7,307.8,1258,69.0,105,1,0,0,1,0,0
414,L47593,L,297.4,308.4,1573,34.5,205,0,0,0,0,0,0
5783,L52962,L,301.7,311.1,1455,39.8,118,0,0,0,0,0,0
8929,L56108,L,297.4,308.4,1531,41.5,213,0,0,0,0,0,0
9798,M24657,M,298.4,309.2,1597,33.5,116,0,0,0,0,0,0
5661,L52840,L,302.2,311.4,1477,41.7,15,0,0,0,0,0,0
5915,L53094,L,300.7,310.3,1592,36.0,14,0,0,0,0,0,0
4216,M19075,M,302.0,310.7,2157,17.8,17,0,0,0,0,0,0
2110,M16969,M,299.3,309.0,1496,43.4,67,0,0,0,0,0,0
2972,M17831,M,300.7,309.5,1393,43.9,81,0,0,0,0,0,0
456,L47635,L,297.4,308.7,1429,57.4,96,0,0,0,0,0,0
8608,L55787,L,297.5,308.4,1433,50.0,218,0,0,0,0,0,0
7373,L54552,L,299.6,310.2,1473,42.7,81,0,0,0,0,0,0
1938,L49117,L,298.2,308.0,1411,42.4,48,0,0,0,0,0,0
1369,H30782,H,298.8,310.3,1708,27.1,78,0,0,0,0,0,0
3382,L50561,L,301.3,310.6,1376,47.6,45,0,0,0,0,0,0
6070,L53249,L,300.9,310.9,1601,34.0,181,0,0,0,0,0,0
3778,M18637,M,302.4,311.1,1721,30.1,210,0,0,0,0,0,0
6079,L53258,L,300.8,310.7,1339,59.1,203,1,0,0,0,1,0
6319,M21178,M,300.9,310.3,1416,50.9,152,0,0,0,0,0,0
2811,L49990,L,299.8,309.1,1772,24.8,113,0,0,0,0,0,0
9099,L56278,L,297.3,308.1,1468,49.8,0,0,0,0,0,0,0
608,M15467,M,298.0,309.9,1565,33.9,40,0,0,0,0,0,0
2624,M17483,M,299.6,309.4,1283,62.1,83,0,0,0,0,0,0
6416,L53595,L,300.4,310.1,1503,42.2,196,0,0,0,0,0,0
1655,L48834,L,298.2,308.1,1379,62.3,149,0,0,0,0,0,0
9923,H39336,H,298.6,308.8,1566,39.1,36,0,0,0,0,0,0
9075,M23934,M,297.2,308.1,1554,41.3,147,0,0,0,0,0,0
7321,H36734,H,299.8,310.2,1411,49.7,161,0,0,0,0,0,0
5805,L52984,L,301.5,310.9,1365,46.5,172,0,0,0,0,0,0
7845,L55024,L,300.1,311.7,1503,42.6,208,0,0,0,0,0,0
4251,L51430,L,302.6,311.0,1660,38.0,99,0,0,0,0,0,0
4973,H34386,H,303.8,312.6,1811,24.9,183,0,0,0,0,0,0
5860,L53039,L,301.3,311.0,1542,33.6,80,0,0,0,0,0,0
9951,L57130,L,298.1,307.8,1413,54.1,113,0,0,0,0,0,0
7514,L54693,L,300.4,311.8,2261,14.9,5,0,0,0,0,0,0
3751,L50930,L,302.3,311.1,1589,29.9,141,0,0,0,0,0,0
3538,M18397,M,302.0,311.0,1980,21.5,20,0,0,0,0,0,0
3247,L50426,L,301.0,309.7,1468,42.0,141,0,0,0,0,0,0
1689,L48868,L,297.9,307.4,1606,35.5,14,0,0,0,0,0,0
9034,L56213,L,297.4,308.2,1386,41.0,35,0,0,0,0,0,0
5139,M19998,M,304.3,313.6,1489,40.3,196,0,0,0,0,0,0
3813,L50992,L,302.0,310.6,1392,50.0,84,0,0,0,0,0,0
5088,M19947,M,304.0,313.0,1685,28.2,66,0,0,0,0,0,0
7675,L54854,L,300.5,311.6,1509,47.2,202,0,0,0,0,0,0
5547,L52726,L,302.3,311.7,1453,41.2,147,0,0,0,0,0,0
6439,L53618,L,300.4,310.0,1581,30.3,42,0,0,0,0,0,0
4471,L51650,L,302.7,310.6,1564,34.3,0,0,0,0,0,0,0
9567,L56746,L,299.8,311.1,1603,35.1,179,0,0,0,0,0,0
8623,L55802,L,297.5,308.3,1437,42.3,29,0,0,0,0,0,0
4307,L51486,L,301.6,310.0,1869,22.9,18,0,0,0,0,0,0
9635,L56814,L,299.1,310.2,1425,52.7,154,0,0,0,0,0,0
5667,L52846,L,302.2,311.4,1430,43.1,29,0,0,0,0,0,0
6986,H36399,H,300.8,311.1,1698,24.8,156,0,0,0,0,0,0
1102,H30515,H,296.7,307.5,1607,33.6,38,0,0,0,0,0,0
8982,L56161,L,297.0,307.7,1502,39.4,126,0,0,0,0,0,0
3642,L50821,L,302.3,311.6,1488,41.8,75,0,0,0,0,0,0
6474,H35887,H,300.4,309.5,1547,50.7,131,0,0,0,0,0,0
7161,M22020,M,300.2,310.1,1485,40.5,188,0,0,0,0,0,0
1818,L48997,L,298.1,307.7,1664,27.6,145,0,0,0,0,0,0
6851,M21710,M,301.0,311.2,1521,35.8,13,0,0,0,0,0,0
1994,M16853,M,298.3,308.0,1463,42.5,190,0,0,0,0,0,0
4124,M18983,M,302.1,310.6,1517,38.9,2,0,0,0,0,0,0
4496,L51675,L,302.6,310.4,1359,57.2,67,1,0,1,0,0,0
6084,L53263,L,300.9,310.7,1389,50.0,214,0,0,0,0,0,0
1474,M16333,M,298.5,309.5,1315,48.9,127,0,0,0,0,0,0
3310,L50489,L,301.3,310.4,1384,50.1,88,0,0,0,0,0,0
8419,L55598,L,298.9,310.2,1971,23.2,155,0,0,0,0,0,0
1342,M16201,M,298.6,310.2,1328,50.5,12,0,0,0,0,0,0
2204,L49383,L,299.8,309.0,1614,30.8,100,0,0,0,0,0,0
1934,L49113,L,298.1,308.0,1638,35.1,38,0,0,0,0,0,0
7817,L54996,L,299.8,311.2,1533,35.9,137,0,0,0,0,0,0
2740,L49919,L,299.8,309.2,1572,35.4,158,0,0,0,0,0,0
5741,M20600,M,302.3,311.7,1535,38.3,5,0,0,0,0,0,0
735,H30148,H,297.0,308.4,1305,54.6,168,0,0,0,0,0,0
3578,M18437,M,301.6,310.4,1455,39.0,118,0,0,0,0,0,0
6435,M21294,M,300.3,309.9,1494,38.5,33,0,0,0,0,0,0
6231,M21090,M,301.3,311.0,1641,33.0,145,0,0,0,0,0,0
5005,L52184,L,303.7,312.8,1364,46.3,44,0,0,0,0,0,0
9232,L56411,L,298.2,309.1,1539,36.5,134,0,0,0,0,0,0
4712,M19571,M,303.4,311.7,1515,44.2,168,0,0,0,0,0,0
3499,L50678,L,301.9,311.0,1289,54.9,128,0,0,0,0,0,0
5647,M20506,M,302.4,311.8,1644,37.2,195,0,0,0,0,0,0
5040,H34453,H,304.1,313.3,1689,32.5,134,0,0,0,0,0,0
6951,H36364,H,300.7,311.3,1374,53.1,66,0,0,0,0,0,0
8578,L55757,L,297.6,308.3,1502,43.2,139,0,0,0,0,0,0
9774,L56953,L,298.5,309.4,1560,37.9,37,0,0,0,0,0,0
5056,H34469,H,303.8,312.9,1378,45.6,184,0,0,0,0,0,0
3877,L51056,L,302.6,311.8,1627,31.8,23,0,0,0,0,0,0
3653,M18512,M,302.1,311.5,1341,50.8,99,0,0,0,0,0,0
3692,L50871,L,302.1,311.2,1460,46.9,198,0,0,0,0,0,0
2519,M17378,M,298.9,308.6,1425,49.6,35,0,0,0,0,0,0
8109,M22968,M,300.3,311.8,1607,33.7,199,0,0,0,0,0,0
6497,L53676,L,300.7,309.9,1815,27.0,190,0,0,0,0,0,0
8195,L55374,L,299.4,310.7,1426,45.7,213,0,0,0,0,0,0
4031,L51210,L,302.0,310.8,2143,17.3,227,0,0,0,0,0,0
3480,M18339,M,301.8,310.8,1619,31.0,76,0,0,0,0,0,0
1223,L48402,L,297.0,308.3,1399,59.0,135,0,0,0,0,0,0
191,L47370,L,298.2,308.4,1477,49.9,72,0,0,0,0,0,0
716,L47895,L,297.4,308.6,1324,59.1,118,0,0,0,0,0,0
9300,M24159,M,298.1,308.9,1335,50.4,110,0,0,0,0,0,0
3149,H32562,H,300.4,309.8,1448,39.7,107,0,0,0,0,0,0
1902,M16761,M,297.9,307.6,1505,40.1,166,0,0,0,0,0,0
6913,M21772,M,300.8,311.2,1634,31.9,178,0,0,0,0,0,0
1783,L48962,L,298.4,308.0,1571,37.4,50,0,0,0,0,0,0
1755,M16614,M,298.0,307.4,1463,46.5,182,0,0,0,0,0,0
2154,H31567,H,299.3,308.8,1397,45.4,191,0,0,0,0,0,0
107,L47286,L,298.8,308.7,1445,48.5,70,0,0,0,0,0,0
8665,H38078,H,297.5,308.6,1355,58.9,138,0,0,0,0,0,0
3946,L51125,L,302.2,311.3,1570,36.1,0,0,0,0,0,0,0
9582,L56761,L,299.4,310.6,1418,53.1,10,0,0,0,0,0,0
2678,L49857,L,299.8,309.5,1495,39.6,10,0,0,0,0,0,0
3967,L51146,L,302.3,311.5,1530,37.8,57,0,0,0,0,0,0
1228,L48407,L,297.1,308.4,1422,42.1,148,0,0,0,0,0,0
8593,M23452,M,297.5,308.0,1430,44.5,178,0,0,0,0,0,0
1117,L48296,L,296.4,307.3,1487,37.5,83,0,0,0,0,0,0
2402,M17261,M,299.2,308.6,1367,47.6,168,0,0,0,0,0,0
8785,L55964,L,297.5,308.6,1437,43.3,34,0,0,0,0,0,0
5602,L52781,L,302.9,312.2,1605,33.9,86,0,0,0,0,0,0
5642,L52821,L,302.6,312.1,1473,37.3,184,0,0,0,0,0,0
5298,L52477,L,303.7,313.1,1406,48.6,183,0,0,0,0,0,0
95,L47274,L,299.0,308.9,1622,31.9,42,0,0,0,0,0,0
8147,L55326,L,299.6,310.9,1533,31.8,91,0,0,0,0,0,0
3048,L50227,L,300.2,309.4,1558,38.3,51,0,0,0,0,0,0
6957,M21816,M,300.8,311.2,1434,39.1,82,0,0,0,0,0,0
6210,L53389,L,300.7,310.6,1407,40.5,87,0,0,0,0,0,0
1393,M16252,M,299.0,310.3,1494,46.6,144,0,0,0,0,0,0
3080,L50259,L,300.1,309.3,1340,56.0,130,0,0,0,0,0,0
9277,L56456,L,298.1,308.7,1691,30.3,49,0,0,0,0,0,0
5386,H34799,H,302.9,312.3,1754,26.9,209,0,0,0,0,0,0
2894,M17753,M,300.7,309.6,1568,35.2,82,0,0,0,0,0,0
7205,L54384,L,299.8,309.6,1526,41.7,85,0,0,0,0,0,0
5206,L52385,L,303.7,312.7,1468,43.3,168,0,0,0,0,0,0
2528,L49707,L,298.8,308.5,1450,50.8,57,0,0,0,0,0,0
1353,M16212,M,298.7,310.2,1598,33.3,36,0,0,0,0,0,0
7258,L54437,L,300.2,310.4,1518,41.8,5,0,0,0,0,0,0
4583,L51762,L,302.9,311.2,1634,36.9,71,0,0,0,0,0,0
6961,L54140,L,300.7,311.0,1413,52.0,91,0,0,0,0,0,1
4431,H33844,H,302.3,310.1,1688,30.4,115,0,0,0,0,0,0
1515,M16374,M,298.1,308.8,1628,37.6,12,0,0,0,0,0,0
2704,M17563,M,299.8,309.2,1372,58.2,65,0,0,0,0,0,0
7095,L54274,L,300.6,310.2,1447,45.9,17,0,0,0,0,0,0
6522,L53701,L,301.1,310.1,1666,27.2,40,0,0,0,0,0,0
4816,H34229,H,303.4,311.9,1534,33.2,210,0,0,0,0,0,0
5371,H34784,H,303.0,312.4,1627,37.1,168,0,0,0,0,0,0
7149,M22008,M,300.3,309.8,1617,40.8,158,0,0,0,0,0,0
9485,L56664,L,298.9,309.6,1663,33.7,195,0,0,0,0,0,0
7172,M22031,M,300.2,310.2,1438,51.5,7,0,0,0,0,0,0
7847,M22706,M,300.2,311.6,1608,35.0,212,0,0,0,0,0,0
9213,L56392,L,298.0,308.9,1390,53.9,88,0,0,0,0,0,0
7853,L55032,L,300.3,311.7,1515,37.5,5,0,0,0,0,0,0
4205,M19064,M,302.3,310.9,1523,43.2,210,0,0,0,0,0,0
8017,M22876,M,300.9,312.0,1447,41.4,193,0,0,0,0,0,0
4366,L51545,L,302.0,310.0,1449,48.8,181,0,0,0,0,0,0
4735,L51914,L,303.2,311.5,1507,39.2,225,0,0,0,0,0,0
7782,L54961,L,300.4,311.7,1513,40.0,51,0,0,0,0,0,0
9147,L56326,L,297.6,308.6,1528,40.0,123,0,0,0,0,0,0
7288,M22147,M,300.2,310.4,1530,35.7,80,0,0,0,0,0,0
4562,L51741,L,302.9,310.8,1610,32.2,17,0,0,0,0,0,0
731,M15590,M,297.3,308.6,1471,50.7,157,0,0,0,0,0,0
9421,L56600,L,298.0,308.4,1472,42.0,15,0,0,0,0,0,0
5804,L52983,L,301.5,310.9,1671,31.1,170,0,0,0,0,0,0
45,M14904,M,298.8,309.1,1472,47.5,125,0,0,0,0,0,0
9624,L56803,L,298.9,310.1,1356,47.8,116,0,0,0,0,0,0
1718,L48897,L,298.2,307.6,1369,54.5,82,0,0,0,0,0,0
6302,M21161,M,301.2,310.6,1576,39.6,109,0,0,0,0,0,0
5322,M20181,M,303.4,312.7,1576,49.9,28,0,0,0,0,0,0
6489,L53668,L,300.7,309.8,1330,54.4,171,0,0,0,0,0,0
7101,L54280,L,300.7,310.2,1569,32.8,31,0,0,0,0,0,0
8960,L56139,L,297.3,308.0,1420,46.5,73,0,0,0,0,0,0
9380,L56559,L,297.5,308.2,1419,48.5,108,0,0,0,0,0,0
9313,H38726,H,298.5,309.4,1573,33.6,143,0,0,0,0,0,0
1918,M16777,M,298.1,307.9,1463,47.3,206,0,0,0,0,0,0
1577,L48756,L,298.3,308.4,1490,41.7,170,0,0,0,0,0,0
2310,L49489,L,299.1,308.6,1611,31.4,161,0,0,0,0,0,0
1476,M16335,M,298.4,309.5,1519,35.4,133,0,0,0,0,0,0
6857,M21716,M,301.1,311.3,1836,22.8,31,0,0,0,0,0,0
7328,M22187,M,299.9,310.5,1576,39.4,183,0,0,0,0,0,0
2807,L49986,L,300.0,309.3,1364,41.2,104,0,0,0,0,0,0
3320,L50499,L,301.4,310.4,1689,30.6,110,0,0,0,0,0,0
5379,L52558,L,302.9,312.4,1550,36.9,194,0,0,0,0,0,0
7942,M22801,M,300.7,311.7,1499,38.9,3,0,0,0,0,0,0
2697,L49876,L,300.0,309.6,1452,46.0,51,0,0,0,0,0,0
6267,L53446,L,300.8,310.4,1368,46.8,21,0,0,0,0,0,0
5909,M20768,M,300.8,310.3,1526,36.3,205,0,0,0,0,0,0
7011,M21870,M,300.5,310.5,1469,42.9,14,0,0,0,0,0,0
7676,L54855,L,300.5,311.6,1447,45.4,204,0,0,0,0,0,0
60,L47239,L,298.8,309.1,1378,54.4,165,0,0,0,0,0,0
3395,L50574,L,301.5,310.6,1405,42.3,83,0,0,0,0,0,0
3203,L50382,L,300.2,309.2,1430,43.4,24,0,0,0,0,0,0
8392,L55571,L,298.6,309.6,1423,42.7,82,0,0,0,0,0,0
746,L47925,L,296.7,308.0,1451,50.7,197,0,0,0,0,0,0
5710,L52889,L,302.2,311.7,1556,38.6,145,0,0,0,0,0,0
2086,L49265,L,299.5,309.3,1462,46.7,7,0,0,0,0,0,0
8014,M22873,M,300.9,312.0,1402,50.7,185,0,0,0,0,0,0
3601,L50780,L,301.7,310.5,1523,34.7,181,0,0,0,0,0,0
7122,M21981,M,300.9,310.4,1375,44.7,87,0,0,0,0,0,0
7854,L55033,L,300.3,311.7,1317,56.5,7,0,0,0,0,0,0
9629,H39042,H,299.0,310.0,1569,34.3,132,0,0,0,0,0,0
8902,L56081,L,297.3,308.6,1446,50.1,144,0,0,0,0,0,0
5047,M19906,M,304.1,313.2,1410,42.4,155,0,0,0,0,0,0
518,M15377,M,297.5,309.4,1391,58.2,34,0,0,0,0,0,0
5748,L52927,L,302.1,311.5,1533,39.4,26,0,0,0,0,0,0
5020,M19879,M,304.0,313.1,1466,39.5,83,0,0,0,0,0,0
2099,L49278,L,299.4,309.3,1401,59.0,38,0,0,0,0,0,0
6988,L54167,L,300.7,311.1,2437,13.8,163,0,0,0,0,0,0
540,M15399,M,297.4,309.3,1775,25.8,91,0,0,0,0,0,0
3453,H32866,H,301.6,310.5,1602,32.3,2,0,0,0,0,0,1
7708,H37121,H,300.5,311.4,1679,27.5,59,0,0,0,0,0,0
7253,H36666,H,300.2,310.4,1501,42.9,212,0,0,0,0,0,0
2010,M16869,M,298.6,308.3,1717,28.7,29,0,0,0,0,0,0
3315,L50494,L,301.4,310.5,1489,43.5,98,0,0,0,0,0,0
9384,H38797,H,297.5,308.1,1548,38.2,117,0,0,0,0,0,0
5368,M20227,M,303.1,312.5,1766,26.7,157,0,0,0,0,0,0
3257,L50436,L,301.1,309.8,1519,39.6,167,0,0,0,0,0,0
2002,L49181,L,298.4,308.2,1604,34.9,11,0,0,0,0,0,0
1498,L48677,L,298.0,308.7,1629,34.3,191,0,0,0,0,0,0
9450,M24309,M,298.1,308.8,1434,41.8,93,0,0,0,0,0,0
1837,L49016,L,297.7,307.2,1518,35.8,195,0,0,0,0,0,0
4498,L51677,L,302.5,310.3,1523,36.0,72,0,0,0,0,0,0
1512,L48691,L,298.1,308.7,1642,30.3,3,0,0,0,0,0,0
5604,L52783,L,302.9,312.2,1340,57.8,90,0,0,0,0,0,0
1043,L48222,L,296.6,307.6,1542,37.4,88,0,0,0,0,0,0
1887,L49066,L,297.9,307.6,1503,40.7,124,0,0,0,0,0,0
8381,L55560,L,298.9,310.0,1776,25.7,51,0,0,0,0,0,0
9925,M24784,M,298.5,308.6,1384,54.4,44,0,0,0,0,0,0
9077,L56256,L,297.2,308.1,1474,44.3,152,0,0,0,0,0,0
7144,H36557,H,300.3,309.7,1582,30.8,144,0,0,0,0,0,0
2846,L50025,L,300.3,309.2,1398,54.4,198,0,0,0,0,0,0
3360,L50539,L,301.5,310.6,1525,41.9,204,0,0,0,0,0,0
6939,L54118,L,300.7,311.2,1452,44.4,33,0,0,0,0,0,0
6063,M20922,M,301.1,311.2,1407,53.0,165,0,0,0,0,0,0
3069,H32482,H,300.0,309.0,1622,31.8,103,0,0,0,0,0,0
2613,L49792,L,299.4,309.1,2421,14.2,57,0,0,0,0,0,0
832,M15691,M,296.6,307.4,1544,42.3,170,0,0,0,0,0,0
7343,M22202,M,299.7,310.3,1661,34.5,6,0,0,0,0,0,0
9668,L56847,L,299.2,310.3,1352,48.9,238,1,0,0,0,1,0
2148,L49327,L,299.4,308.9,1550,33.7,174,0,0,0,0,0,0
805,M15664,M,296.9,307.8,1544,37.6,109,0,0,0,0,0,0
2592,L49771,L,298.9,308.6,1522,46.4,2,0,0,0,0,0,0
6149,L53328,L,301.1,311.2,1564,37.0,165,0,0,0,0,0,0
4123,L51302,L,302.2,310.6,1462,43.6,0,0,0,0,0,0,0
6420,H35833,H,300.3,309.9,1394,46.7,210,1,1,0,0,0,0
8056,H37469,H,300.2,311.6,1496,41.1,60,0,0,0,0,0,0
8567,M23426,M,297.9,308.7,1751,26.6,111,0,0,0,0,0,0
3264,L50443,L,301.3,310.0,1344,54.8,186,0,0,0,0,0,0
1219,M16078,M,297.0,308.2,1702,30.7,124,0,0,0,0,0,0
9555,M24414,M,299.3,310.7,1440,45.5,146,0,0,0,0,0,0
4573,M19432,M,302.9,311.0,1556,36.5,44,0,0,0,0,0,0
9698,M24557,M,298.8,309.8,1413,45.5,64,0,0,0,0,0,0
75,L47254,L,298.9,309.0,1601,32.3,202,0,0,0,0,0,0
7936,M22795,M,300.8,311.9,1356,44.3,214,0,0,0,0,0,0
2009,L49188,L,298.5,308.3,1811,24.7,27,0,0,0,0,0,0
7633,L54812,L,300.5,311.6,1744,26.8,94,0,0,0,0,0,0
4309,H33722,H,301.4,309.9,1460,47.2,22,0,0,0,0,0,0
5827,M20686,M,301.3,311.1,1492,41.2,223,0,0,0,0,0,0
3368,H32781,H,301.5,310.7,1790,26.2,8,0,0,0,0,0,0
9810,M24669,M,298.2,309.0,1353,50.3,150,0,0,0,0,0,0
8926,M23785,M,297.2,308.2,1405,42.5,204,0,0,0,0,0,0
7103,M21962,M,300.8,310.3,1494,42.2,35,0,0,0,0,0,0
7996,L55175,L,301.0,312.2,1776,28.8,138,0,0,0,0,0,0
2046,M16905,M,299.3,309.1,1703,31.3,120,0,0,0,0,0,0
1329,M16188,M,298.8,310.1,1719,28.8,206,0,0,0,0,0,0
723,L47902,L,297.5,308.9,1427,44.7,135,0,0,0,0,0,0
6194,L53373,L,301.0,310.9,1578,38.4,49,0,0,0,0,0,0
2461,L49640,L,299.0,308.6,1466,46.4,112,0,0,0,0,0,0
9867,L57046,L,299.0,309.9,1630,34.0,92,0,0,0,0,0,0
1400,L48579,L,299.0,310.2,1533,43.5,159,0,0,0,0,0,0
1608,L48787,L,297.8,307.8,1412,48.3,27,0,0,0,0,0,0
9862,M24721,M,298.7,309.6,1800,24.8,78,0,0,0,0,0,0
2487,M17346,M,298.9,308.7,1772,28.4,177,0,0,0,0,0,0
6093,L53272,L,300.9,310.7,1658,28.5,18,0,0,0,0,0,0
9747,L56926,L,298.8,310.0,1403,45.6,185,0,0,0,0,0,0
659,L47838,L,297.7,309.1,1562,36.8,172,0,0,0,0,0,0
4442,L51621,L,302.5,310.2,1329,50.6,148,1,0,1,0,0,0
455,L47634,L,297.4,308.7,1468,46.6,94,0,0,0,0,0,0
6604,M21463,M,301.5,310.6,1403,47.4,34,0,0,0,0,0,0
509,L47688,L,297.7,309.3,1893,24.6,15,0,0,0,0,0,0
438,L47617,L,297.3,308.3,1538,38.5,47,0,0,0,0,0,0
6758,L53937,L,301.8,311.2,1822,26.2,204,0,0,0,0,0,0
7201,L54380,L,300.0,309.9,1608,33.4,76,0,0,0,0,0,0
603,L47782,L,297.9,309.8,2000,21.3,29,0,0,0,0,0,0
1430,M16289,M,298.9,310.0,1456,43.8,15,0,0,0,0,0,0
1885,M16744,M,298.0,307.6,1792,26.0,119,0,0,0,0,0,0
8815,L55994,L,297.2,308.4,1462,51.2,102,0,0,0,0,0,0
3348,L50527,L,301.3,310.6,1529,41.8,176,0,0,0,0,0,0
8839,L56018,L,297.5,309.0,1320,54.7,179,0,0,0,0,0,0
9742,L56921,L,298.9,310.1,1495,42.9,175,0,0,0,0,0,0
4117,M18976,M,302.0,310.5,1381,58.4,201,0,0,0,0,0,0
5949,L53128,L,300.7,310.8,2113,18.5,95,0,0,0,0,0,0
4797,L51976,L,303.5,312.4,1390,47.3,164,0,0,0,0,0,0
8792,M23651,M,297.4,308.5,1412,45.5,49,0,0,0,0,0,0
660,L47839,L,297.6,309.1,1449,49.1,174,0,0,0,0,0,0
4185,L51364,L,302.2,310.6,1334,53.2,159,1,0,1,0,0,0
9070,M23929,M,297.2,308.2,1678,28.1,133,0,0,0,0,0,0
4160,M19019,M,302.0,310.5,1639,32.9,94,0,0,0,0,0,0
8530,M23389,M,298.5,309.4,1522,47.4,20,0,0,0,0,0,0
4183,L51362,L,302.4,310.7,1362,54.8,155,1,0,1,0,0,0
5184,M20043,M,303.9,313.0,1901,22.5,110,0,0,0,0,0,0
9142,L56321,L,297.5,308.5,1597,36.4,112,0,0,0,0,0,0
9118,M23977,M,297.6,308.7,1475,46.6,54,0,0,0,0,0,0
2322,M17181,M,299.2,308.8,1314,52.5,193,0,0,0,0,0,0
8874,H38287,H,298.0,309.1,1557,36.4,65,0,0,0,0,0,0
4041,L51220,L,302.0,310.8,1767,27.4,11,0,0,0,0,0,0
3109,L50288,L,299.8,309.2,1504,38.7,212,0,0,0,0,0,0
133,M14992,M,298.7,308.4,1441,43.2,132,0,0,0,0,0,0
5737,M20596,M,302.4,311.9,1439,36.6,212,0,0,0,0,0,0
2502,M17361,M,299.1,308.9,1476,42.7,225,0,0,0,0,0,0
3759,M18618,M,302.2,311.0,1476,47.4,161,0,0,0,0,0,0
2867,L50046,L,300.8,309.7,1997,20.7,5,0,0,0,0,0,0
5621,L52800,L,303.0,312.3,1533,38.5,134,0,0,0,0,0,0
6875,H36288,H,300.9,311.3,1295,58.9,77,0,0,0,0,0,0
667,L47846,L,297.5,309.0,1470,43.5,191,0,0,0,0,0,0
2170,L49349,L,299.5,309.1,1415,49.2,8,0,0,0,0,0,0
4381,L51560,L,301.9,309.6,1410,49.0,223,0,0,0,0,0,0
6854,L54033,L,300.9,311.1,1417,40.7,24,0,0,0,0,0,0
4062,L51241,L,301.9,310.8,1906,21.7,62,0,0,0,0,0,0
7973,L55152,L,301.1,312.2,1397,54.9,81,0,0,0,0,0,0
8584,L55763,L,297.4,308.0,1423,38.0,154,0,0,0,0,0,0
6916,L54095,L,301.0,311.4,1484,36.2,188,0,0,0,0,0,0
6219,H35632,H,301.0,310.6,1366,50.6,106,0,0,0,0,0,0
4696,L51875,L,303.3,311.6,1514,34.7,130,0,0,0,0,0,0
5378,L52557,L,302.9,312.4,2030,19.1,192,0,0,0,0,0,0
4849,H34262,H,303.5,312.0,1397,52.9,80,0,0,0,0,0,0
8292,L55471,L,298.9,310.5,1717,26.9,17,0,0,0,0,0,0
9901,H39314,H,298.7,309.2,1449,42.3,182,0,0,0,0,0,0
4448,M19307,M,302.5,310.3,1488,41.8,160,0,0,0,0,0,0
2413,L49592,L,299.1,308.6,1408,46.7,196,0,0,0,0,0,0
7077,L54256,L,300.7,310.5,1960,21.0,194,0,0,0,0,0,0
5736,L52915,L,302.4,311.8,1673,30.1,210,0,0,0,0,0,0
5609,M20468,M,303.1,312.3,1623,31.6,101,0,0,0,0,0,0
5561,L52740,L,302.4,311.9,1541,37.9,192,0,0,0,0,0,0
7725,M22584,M,300.5,311.6,1454,41.4,108,0,0,0,0,0,0
3173,M18032,M,300.3,309.6,1488,41.3,172,0,0,0,0,0,0
6983,L54162,L,300.7,311.1,1440,43.0,148,0,0,0,0,0,0
3656,L50835,L,302.1,311.4,1686,30.9,106,0,0,0,0,0,0
3720,L50899,L,302.4,311.5,1590,39.9,58,0,0,0,0,0,0
88,L47267,L,299.0,309.0,1544,31.8,25,0,0,0,0,0,0
7544,L54723,L,300.3,311.5,1446,45.0,82,0,0,0,0,0,0
958,M15817,M,295.7,306.4,1387,40.1,81,0,0,0,0,0,0
9330,L56509,L,298.5,309.1,1474,41.3,189,0,0,0,0,0,0
3949,M18808,M,302.2,311.3,1510,37.1,10,0,0,0,0,0,0
2906,L50085,L,300.6,309.4,1552,36.4,113,0,0,0,0,0,0
9839,L57018,L,298.4,309.2,1425,45.5,11,0,0,0,0,0,0
8166,L55345,L,299.6,311.0,1552,33.2,139,0,0,0,0,0,0
9777,M24636,M,298.6,309.6,1397,54.1,47,0,0,0,0,0,0
3208,M18067,M,300.2,309.0,1642,31.2,37,0,0,0,0,0,0
5453,M20312,M,303.0,312.7,1553,35.8,122,0,0,0,0,0,0
3126,L50305,L,300.1,309.4,1694,27.4,44,0,0,0,0,0,0
6291,L53470,L,301.0,310.5,1932,21.7,79,0,0,0,0,0,0
5913,M20772,M,300.7,310.3,1659,29.8,6,0,0,0,0,0,0
7993,M22852,M,301.1,312.3,1852,25.9,131,0,0,0,0,0,0
2043,M16902,M,299.1,308.9,1397,52.4,112,0,0,0,0,0,0
7698,L54877,L,300.5,311.4,1400,45.1,29,0,0,0,0,0,0
9766,L56945,L,298.6,309.6,1472,39.1,14,0,0,0,0,0,0
4536,L51715,L,302.4,310.2,1503,36.2,166,0,0,0,0,0,0
7814,L54993,L,300.0,311.5,1455,41.7,130,0,0,0,0,0,0
9417,M24276,M,298.1,308.5,1463,45.9,3,0,0,0,0,0,0
8339,L55518,L,298.8,309.7,1740,28.5,152,0,0,0,0,0,0
6731,M21590,M,301.6,311.0,1431,42.3,129,0,0,0,0,0,0
9004,L56183,L,297.1,307.9,1342,49.1,179,0,0,0,0,0,0
2618,L49797,L,299.4,309.1,1670,35.9,68,0,0,0,0,0,0
5502,L52681,L,302.7,312.1,1543,37.5,33,0,0,0,0,0,0
1012,M15871,M,296.2,307.3,1451,42.8,11,0,0,0,0,0,0
7608,M22467,M,300.5,311.3,1468,41.1,34,0,0,0,0,0,0
3722,M18581,M,302.2,311.2,1544,43.6,63,0,0,0,0,0,0
4674,L51853,L,303.4,311.5,1501,36.2,69,0,0,0,0,0,0
7194,L54373,L,300.1,310.1,1306,64.7,57,0,0,0,0,0,0
4524,L51703,L,302.5,310.4,1488,48.4,134,0,0,0,0,0,0
4744,L51923,L,303.3,311.3,1409,51.8,16,0,0,0,0,0,0
5637,L52816,L,302.6,312.0,1447,45.5,173,0,0,0,0,0,0
5631,M20490,M,302.8,312.2,1615,32.9,159,0,0,0,0,0,0
7487,L54666,L,300.3,311.7,1635,31.8,156,0,0,0,0,0,0
7135,M21994,M,300.5,310.0,1406,50.2,119,0,0,0,0,0,0
997,M15856,M,296.3,307.2,1286,51.1,177,0,0,0,0,0,0
6123,L53302,L,301.0,311.0,1402,55.3,98,0,0,0,0,0,0
7440,L54619,L,300.0,311.3,1493,41.4,28,0,0,0,0,0,0
3712,L50891,L,302.2,311.5,1543,38.5,37,0,0,0,0,0,0
7260,M22119,M,300.4,310.5,1500,43.0,9,0,0,0,0,0,0
3542,L50721,L,301.8,310.8,1546,43.4,29,0,0,0,0,0,0
1495,M16354,M,298.0,308.7,1377,48.5,181,0,0,0,0,0,0
9929,M24788,M,298.4,308.5,1576,27.4,55,0,0,0,0,0,0
8994,M23853,M,297.2,307.9,1632,37.5,156,0,0,0,0,0,0
7295,L54474,L,300.1,310.6,1809,24.3,97,0,0,0,0,0,0
4237,L51416,L,302.2,310.9,1604,40.5,68,0,0,0,0,0,0
8479,M23338,M,298.5,309.7,1354,60.8,96,0,0,0,0,0,0
638,L47817,L,298.2,309.7,1585,37.4,118,0,0,0,0,0,0
3444,L50623,L,301.5,310.5,1535,39.0,204,0,0,0,0,0,0
2856,L50035,L,300.5,309.3,1528,37.0,221,0,0,0,0,0,0
8802,L55981,L,297.4,308.6,1488,36.4,71,0,0,0,0,0,0
2033,L49212,L,298.8,308.5,1444,42.2,83,0,0,0,0,0,0
7722,L54901,L,300.5,311.6,1425,42.4,102,0,0,0,0,0,0
4689,L51868,L,303.5,311.6,1577,38.1,112,0,0,0,0,0,0
2290,L49469,L,299.4,308.7,1504,37.8,112,0,0,0,0,0,0
1013,M15872,M,296.1,307.1,1433,38.5,14,0,0,0,0,0,0
5931,L53110,L,300.3,310.3,1483,51.6,50,0,0,0,0,0,0
9762,L56941,L,298.6,309.7,1703,26.1,5,0,0,0,0,0,0
6253,L53432,L,300.8,310.3,1538,36.1,198,0,0,0,0,0,0
1990,L49169,L,298.2,307.9,1785,23.4,181,0,0,0,0,0,0
6357,M21216,M,300.1,309.7,1420,48.4,36,0,0,0,0,0,0
6069,M20928,M,301.0,310.9,2047,17.9,178,0,0,0,0,0,0
8491,M23350,M,298.5,309.6,1364,58.7,123,0,0,0,0,0,0
7933,L55112,L,300.7,311.8,1478,41.9,207,0,0,0,0,0,0
8361,L55540,L,298.6,309.6,1540,35.8,5,0,0,0,0,0,0
4201,L51380,L,302.5,311.1,1571,34.2,201,0,0,0,0,0,0
2682,L49861,L,299.8,309.5,1545,32.2,18,0,0,0,0,0,0
7985,L55164,L,301.0,312.3,1550,34.9,111,0,0,0,0,0,0
295,M15154,M,298.1,308.5,1372,51.1,116,0,0,0,0,0,0
7084,L54263,L,300.7,310.4,1416,61.8,209,1,0,0,1,1,0
8758,L55937,L,297.5,308.8,1587,34.9,166,0,0,0,0,0,0
7025,L54204,L,300.6,310.6,2127,18.7,53,0,0,0,0,0,0
3259,L50438,L,301.2,309.9,1643,32.9,171,0,0,0,0,0,0
48,L47227,L,298.8,309.1,1418,46.3,133,0,0,0,0,0,0
6481,L53660,L,300.7,309.9,1775,26.6,149,0,0,0,0,0,0
4325,L51504,L,301.7,310.2,1486,43.0,66,0,0,0,0,0,0
6917,M21776,M,300.9,311.3,1603,31.8,190,0,0,0,0,0,0
3110,L50289,L,299.9,309.2,1491,44.3,214,0,0,0,0,0,0
4121,M18980,M,302.1,310.7,1376,46.3,210,1,0,1,0,0,0
9396,L56575,L,297.7,308.2,1500,39.9,158,0,0,0,0,0,0
8197,L55376,L,299.4,310.8,1622,33.6,217,0,0,0,0,0,0
9973,L57152,L,298.6,308.2,1390,51.4,168,0,0,0,0,0,0
6091,L53270,L,300.9,310.8,1708,29.1,14,0,0,0,0,0,0
7647,L54826,L,300.4,311.4,1936,23.9,131,0,0,0,0,0,0
1122,L48301,L,296.6,307.6,1459,40.2,96,0,0,0,0,0,0
761,L47940,L,296.7,307.8,1505,39.4,236,0,0,0,0,0,0
9224,L56403,L,297.9,309.0,1382,43.9,116,0,0,0,0,0,0
6785,M21644,M,301.3,310.7,1391,52.5,61,0,0,0,0,0,0
3240,L50419,L,301.0,309.5,1430,48.5,122,0,0,0,0,0,0
272,M15131,M,298.1,308.1,1452,40.8,56,0,0,0,0,0,0
4318,M19177,M,301.5,310.0,1417,44.6,49,0,0,0,0,0,0
2943,L50122,L,300.7,309.5,1461,49.9,0,0,0,0,0,0,0
3753,H33166,H,302.3,311.1,1455,40.3,145,0,0,0,0,0,0
8220,L55399,L,299.0,310.4,1504,34.3,48,0,0,0,0,0,0
217,L47396,L,298.3,308.6,1499,38.3,142,0,0,0,0,0,0
192,L47371,L,298.2,308.4,1666,34.6,74,0,0,0,0,0,0
3351,L50530,L,301.4,310.8,1285,62.6,183,1,0,0,0,1,0
8173,L55352,L,299.9,311.4,1596,28.9,160,0,0,0,0,0,0
1785,L48964,L,298.3,308.0,2886,3.8,57,1,0,0,1,0,0
1140,M15999,M,297.0,307.9,1569,33.3,141,0,0,0,0,0,0
2125,L49304,L,299.2,308.9,1430,39.1,117,0,0,0,0,0,0
2089,L49268,L,299.6,309.4,1331,46.4,16,0,0,0,0,0,0
3237,M18096,M,300.8,309.4,1342,62.4,113,1,0,1,0,0,0
4429,L51608,L,302.4,310.1,1906,21.2,110,0,0,0,0,0,0
1057,L48236,L,296.8,307.8,1565,39.5,124,0,0,0,0,0,0
9538,M24397,M,299.3,310.6,1457,42.1,104,0,0,0,0,0,0
6195,L53374,L,300.9,310.8,1571,39.9,51,0,0,0,0,0,0
2553,H31966,H,299.3,309.1,1552,40.7,120,0,0,0,0,0,0
9096,L56275,L,297.3,308.1,1458,45.7,202,0,0,0,0,0,0
1449,M16308,M,299.0,310.3,1657,31.0,70,0,0,0,0,0,0
7977,H37390,H,301.2,312.4,1395,47.8,90,0,0,0,0,0,0
4426,L51605,L,302.5,310.2,1547,36.9,103,0,0,0,0,0,0
8370,L55549,L,298.8,309.7,1953,20.6,25,0,0,0,0,0,0
3510,L50689,L,301.8,311.0,1771,27.2,162,0,0,0,0,0,0
3342,H32755,H,301.4,310.7,1329,52.0,160,0,0,0,0,0,0
1629,L48808,L,297.9,307.8,1451,38.2,80,0,0,0,0,0,0
7423,L54602,L,300.0,311.2,1351,44.1,206,0,0,0,0,0,0
8002,L55181,L,300.8,312.0,1374,50.2,154,0,0,0,0,0,0
5778,L52957,L,301.6,311.1,1408,44.4,106,0,0,0,0,0,0
7498,M22357,M,300.3,311.8,1483,45.1,181,0,0,0,0,0,0
7012,L54191,L,300.5,310.5,2633,12.2,17,1,0,0,1,0,0
4921,L52100,L,303.4,312.2,1337,69.4,52,1,0,0,1,0,0
625,H30038,H,298.3,310.1,1509,37.6,85,0,0,0,0,0,0
740,L47919,L,296.9,308.4,1390,41.8,184,0,0,0,0,0,0
7209,L54388,L,299.8,309.7,1707,29.1,94,0,0,0,0,0,0
3868,M18727,M,302.7,311.6,2709,9.7,2,1,0,0,1,0,0
8071,M22930,M,300.5,312.0,1867,23.0,103,0,0,0,0,0,0
753,L47932,L,296.9,308.1,1422,48.7,215,0,0,0,0,0,0
8424,L55603,L,299.0,310.4,1452,46.2,168,0,0,0,0,0,0
5122,L52301,L,304.2,313.6,1469,40.0,154,0,0,0,0,0,0
9079,L56258,L,297.3,308.1,1566,35.7,156,0,0,0,0,0,0
6361,L53540,L,300.1,309.7,1441,40.1,46,0,0,0,0,0,0
3726,H33139,H,302.3,311.1,1543,37.5,73,0,0,0,0,0,0
4935,L52114,L,303.4,312.2,1580,35.8,90,0,0,0,0,0,0
1921,L49100,L,298.1,307.9,2161,17.5,5,0,0,0,0,0,0
386,M15245,M,297.6,308.6,1414,45.4,138,0,0,0,0,0,0
9709,L56888,L,299.0,310.1,1664,29.7,89,0,0,0,0,0,0
942,L48121,L,295.6,306.2,1650,28.2,35,0,0,0,0,0,0
9702,L56881,L,298.8,309.8,1485,42.4,74,0,0,0,0,0,0
97,M14956,M,299.0,309.0,1575,35.3,47,0,0,0,0,0,0
2882,M17741,M,300.6,309.6,1588,37.0,50,0,0,0,0,0,0
9872,M24731,M,298.9,309.8,1947,21.7,105,0,0,0,0,0,0
4417,M19276,M,302.6,310.4,1532,36.1,77,0,0,0,0,0,0
8310,M23169,M,298.7,310.0,1459,40.2,69,0,0,0,0,0,0
2888,M17747,M,300.5,309.5,1691,27.6,67,0,0,0,0,0,0
497,M15356,M,297.5,309.2,1530,40.0,206,0,0,0,0,0,0
2221,M17080,M,299.6,309.0,1736,26.1,146,0,0,0,0,0,0
6642,L53821,L,301.5,310.5,1702,28.7,135,0,0,0,0,0,0
6137,H35550,H,300.9,310.8,1390,40.6,131,0,0,0,0,0,0
9370,M24229,M,297.7,308.3,1547,36.8,74,0,0,0,0,0,0
8654,M23513,M,297.4,308.3,1335,57.9,113,0,0,0,0,0,0
2547,L49726,L,299.2,309.1,1605,34.3,107,0,0,0,0,0,0
5460,L52639,L,303.1,312.5,1453,49.1,140,0,0,0,0,0,0
8693,L55872,L,297.1,308.4,1583,31.9,2,0,0,0,0,0,0
6245,M21104,M,301.0,310.4,1665,30.9,177,0,0,0,0,0,0
5868,L53047,L,301.5,311.0,1494,45.3,99,0,0,0,0,0,0
4775,L51954,L,303.6,312.0,1827,23.3,103,0,0,0,0,0,0
6624,M21483,M,301.7,310.7,1442,41.1,89,0,0,0,0,0,0
1872,L49051,L,298.3,308.1,1840,21.5,88,0,0,0,0,0,0
7403,M22262,M,299.8,310.8,1463,43.5,156,0,0,0,0,0,0
5648,H35061,H,302.5,311.8,2370,14.7,198,0,0,0,0,0,0
1466,L48645,L,298.7,309.8,1546,40.9,109,0,0,0,0,0,0
2567,M17426,M,299.3,309.0,1420,41.6,155,0,0,0,0,0,0
9504,M24363,M,299.2,310.3,1551,44.8,18,0,0,0,0,0,0
2612,L49791,L,299.4,309.1,1957,22.1,55,0,0,0,0,0,0
4326,L51505,L,301.6,310.2,1384,57.1,68,0,0,0,0,0,0
9586,M24445,M,299.3,310.5,1563,42.1,19,0,0,0,0,0,0
2841,H32254,H,300.4,309.4,1487,38.9,185,0,0,0,0,0,0
5512,L52691,L,302.8,312.1,1958,20.3,56,0,0,0,0,0,0
2493,H31906,H,299.0,308.8,1382,58.5,199,0,0,0,0,0,0
3947,M18806,M,302.2,311.3,1658,31.0,2,0,0,0,0,0,0
2511,L49690,L,299.1,309.0,1405,53.8,18,0,0,0,0,0,0
1256,H30669,H,297.5,308.9,1419,50.7,7,0,0,0,0,0,0
4171,M19030,M,302.2,310.6,1355,51.5,126,1,0,1,0,0,0
5891,L53070,L,301.4,311.0,1634,32.6,155,0,0,0,0,0,0
6770,L53949,L,301.2,310.8,1392,52.6,23,0,0,0,0,0,0
11,H29424,H,298.4,308.9,1782,23.9,24,0,0,0,0,0,0
7644,H37057,H,300.4,311.4,1427,50.7,122,0,0,0,0,0,0
6456,L53635,L,300.7,310.1,1565,40.2,81,0,0,0,0,0,0
5531,M20390,M,302.3,311.8,1355,50.1,104,0,0,0,0,0,0
7617,M22476,M,300.6,311.4,1468,40.4,55,0,0,0,0,0,0
2744,L49923,L,299.6,309.1,1476,45.3,166,0,0,0,0,0,0
2897,M17756,M,300.7,309.5,1633,31.3,90,0,0,0,0,0,0
6818,M21677,M,301.0,310.7,1493,48.1,145,0,0,0,0,0,0
5374,M20233,M,302.9,312.3,1809,25.0,180,0,0,0,0,0,0
757,L47936,L,296.8,308.0,1584,40.4,227,0,0,0,0,0,0
4376,L51555,L,302.0,309.7,1414,36.3,209,0,0,0,0,0,0
8301,L55480,L,298.7,310.1,1558,37.6,44,0,0,0,0,0,0
598,H30011,H,297.6,309.6,1428,46.6,13,0,0,0,0,0,0
5082,M19941,M,304.1,313.3,1494,39.0,49,0,0,0,0,0,0
8786,L55965,L,297.5,308.6,1694,27.1,36,0,0,0,0,0,0
2006,L49185,L,298.5,308.3,1504,38.0,20,0,0,0,0,0,0
9497,M24356,M,299.2,310.0,1349,50.4,226,0,0,0,0,0,0
7887,M22746,M,300.6,312.2,2174,18.5,95,0,0,0,0,0,0
5809,L52988,L,301.4,311.0,1733,25.7,182,0,0,0,0,0,0
953,L48132,L,295.5,306.2,1448,48.9,65,0,0,0,0,0,0
405,L47584,L,297.3,308.6,1297,45.9,184,0,0,0,0,0,0
680,L47859,L,297.8,309.2,1372,47.3,15,0,0,0,0,0,0
2544,L49723,L,299.3,309.0,1786,23.5,100,0,0,0,0,0,0
7351,L54530,L,299.7,310.2,1469,39.5,26,0,0,0,0,0,0
2668,M17527,M,299.8,309.3,1663,35.2,208,0,0,0,0,0,0
9714,L56893,L,299.1,310.2,1496,45.0,104,0,0,0,0,0,0
8639,L55818,L,297.6,308.5,1572,35.9,71,0,0,0,0,0,0
871,L48050,L,295.8,306.4,1325,56.2,65,0,0,0,0,0,0
4050,L51229,L,301.8,310.8,1505,41.2,33,0,0,0,0,0,0
7179,L54358,L,300.2,310.2,1600,31.5,23,0,0,0,0,0,0
1202,L48381,L,296.9,308.0,1658,41.0,74,0,0,0,0,0,0
9311,L56490,L,298.4,309.3,1549,40.8,139,0,0,0,0,0,0
1628,L48807,L,297.9,307.8,1499,37.5,78,0,0,0,0,0,0
7536,L54715,L,300.0,311.2,1629,31.7,62,0,0,0,0,0,0
7,L47186,L,298.1,308.6,1558,42.4,14,0,0,0,0,0,0
8941,H38354,H,297.3,308.3,1935,19.3,24,0,0,0,0,0,0
4045,M18904,M,301.9,310.9,1419,47.7,20,1,0,0,0,0,0
6906,M21765,M,301.0,311.5,1550,34.9,162,0,0,0,0,0,0
7071,L54250,L,300.7,310.7,1333,61.0,177,0,0,0,0,0,0
7136,L54315,L,300.5,309.9,1443,48.3,122,0,0,0,0,0,0
6500,L53679,L,300.9,310.0,1671,26.8,199,0,0,0,0,0,0
4256,M19115,M,302.5,311.0,1387,52.1,116,0,0,0,0,0,0
5594,L52773,L,302.6,311.9,1354,48.0,67,0,0,0,0,0,0
7876,L55055,L,300.7,312.3,1898,24.0,60,0,0,0,0,0,0
2260,L49439,L,299.1,308.3,1431,52.3,38,0,0,0,0,0,0
9182,L56361,L,297.9,309.1,1521,36.1,15,0,0,0,0,0,0
8730,L55909,L,297.3,308.7,1352,53.8,91,0,0,0,0,0,0
9320,L56499,L,298.5,309.4,1911,21.5,164,0,0,0,0,0,0
5873,M20732,M,301.5,311.0,1504,42.6,109,0,0,0,0,0,0
5995,L53174,L,300.6,310.4,1608,39.2,221,0,0,0,0,0,0
4399,M19258,M,302.3,310.1,1563,37.8,31,0,0,0,0,0,0
8691,L55870,L,297.1,308.5,1323,44.4,207,1,1,0,0,0,0
46,L47225,L,298.8,309.1,1489,49.1,128,0,0,0,0,0,0
4338,L51517,L,301.6,309.9,1440,43.4,100,0,0,0,0,0,0
3241,L50420,L,300.9,309.5,1612,35.2,124,0,0,0,0,0,0
7738,M22597,M,300.5,312.0,1985,19.3,143,0,0,0,0,0,0
5293,M20152,M,303.9,313.3,1567,35.0,168,0,0,0,0,0,0
2644,M17503,M,299.8,309.4,1401,48.1,143,0,0,0,0,0,0
3477,L50656,L,301.8,310.6,1522,43.8,70,0,0,0,0,0,0
8779,L55958,L,297.5,308.7,1454,45.0,19,0,0,0,0,0,0
7963,L55142,L,301.0,312.2,1372,47.0,59,0,0,0,0,0,0
2115,H31528,H,299.4,309.1,1373,44.1,81,0,0,0,0,0,0
9071,L56250,L,297.1,308.2,1427,45.2,136,0,0,0,0,0,0
1095,L48274,L,296.9,307.5,1354,44.4,16,0,0,0,0,0,0
8102,L55281,L,300.3,311.8,1567,37.7,180,0,0,0,0,0,0
3805,L50984,L,302.3,310.9,1529,33.4,62,0,0,0,0,0,0
7080,L54259,L,300.7,310.5,1445,41.1,201,0,0,0,0,0,0
4763,M19622,M,303.7,312.0,2663,11.4,71,1,0,0,1,0,0
2203,M17062,M,299.9,309.2,1548,35.7,97,0,0,0,0,0,0
8595,L55774,L,297.4,308.0,1356,51.9,184,0,0,0,0,0,0
6777,L53956,L,301.3,310.6,1451,47.5,42,0,0,0,0,0,0
4608,L51787,L,303.0,311.1,1980,20.2,137,0,0,0,0,0,0
5420,L52599,L,302.6,312.3,1321,53.4,42,0,0,0,0,0,0
8898,M23757,M,297.3,308.7,1577,35.6,133,0,0,0,0,0,0
3780,L50959,L,302.3,311.0,1657,31.1,3,0,0,0,0,0,0
6160,L53339,L,301.0,311.0,1399,58.0,190,1,0,0,0,1,0
2821,L50000,L,300.2,309.5,1436,48.8,135,0,0,0,0,0,0
4767,M19626,M,303.6,312.0,1645,35.7,81,0,0,0,0,0,0
4184,L51363,L,302.3,310.7,1402,50.9,157,0,0,0,0,0,0
9649,L56828,L,299.1,310.1,1416,41.2,185,0,0,0,0,0,0
7449,L54628,L,300.3,311.8,1488,38.4,51,0,0,0,0,0,0
1961,L49140,L,297.8,307.6,1446,51.4,105,0,0,0,0,0,0
1300,M16159,M,298.7,309.9,1458,40.2,137,0,0,0,0,0,0
3773,L50952,L,302.4,311.1,1448,44.8,195,0,0,0,0,0,0
4323,M19182,M,301.7,310.1,1431,44.0,61,0,0,0,0,0,0
4206,L51385,L,302.3,310.8,1723,26.3,213,0,0,0,0,0,0
6043,M20902,M,300.8,311.0,1580,36.6,109,0,0,0,0,0,0
2345,M17204,M,299.2,308.3,1755,26.4,19,0,0,0,0,0,0
8533,L55712,L,298.6,309.4,1315,55.5,28,0,0,0,0,0,0
2328,M17187,M,299.3,308.7,1420,50.3,208,0,0,0,0,0,0
9340,L56519,L,298.5,309.0,1458,44.8,217,0,0,0,0,0,0
1845,M16704,M,297.6,307.1,1471,44.9,14,0,0,0,0,0,0
8411,L55590,L,298.5,309.5,1548,44.5,132,0,0,0,0,0,0
2245,M17104,M,299.3,308.4,1542,37.5,203,1,1,0,0,0,0
6505,M21364,M,301.0,310.1,1681,27.4,212,0,0,0,0,0,0
9425,M24284,M,298.0,308.5,1585,33.0,24,0,0,0,0,0,0
9932,L57111,L,298.3,308.3,1432,46.9,65,0,0,0,0,0,0
1727,L48906,L,298.3,307.8,1906,22.1,104,0,0,0,0,0,0
2970,L50149,L,300.6,309.4,1468,44.1,76,0,0,0,0,0,0
5035,M19894,M,303.9,313.1,1514,41.1,121,0,0,0,0,0,0
7500,L54679,L,300.3,311.8,1746,26.3,187,0,0,0,0,0,0
6943,M21802,M,300.8,311.4,1732,26.9,45,0,0,0,0,0,0
2912,M17771,M,300.7,309.5,1352,44.0,126,0,0,0,0,0,0
8817,M23676,M,297.2,308.5,1425,45.8,109,0,0,0,0,0,0
3520,M18379,M,301.9,310.9,1569,32.5,188,0,0,0,0,0,0
3911,L51090,L,302.4,311.4,1831,26.9,121,0,0,0,0,0,0
6033,L53212,L,300.7,310.8,1754,27.7,84,0,0,0,0,0,0
9587,L56766,L,299.4,310.6,1348,54.5,22,0,0,0,0,0,0
3283,L50462,L,301.2,309.9,1515,40.9,21,0,0,0,0,0,0
4564,L51743,L,302.7,310.7,1977,20.0,21,0,0,0,0,0,0
1276,M16135,M,298.1,309.4,1362,47.6,70,0,0,0,0,0,0
4111,L51290,L,302.0,310.6,1361,46.7,182,0,0,0,0,0,0
7566,M22425,M,300.3,311.2,1783,25.6,139,0,0,0,0,0,0
5619,M20478,M,303.0,312.4,1645,29.6,129,0,0,0,0,0,0
6004,L53183,L,300.4,310.2,1529,36.2,10,0,0,0,0,0,0
7561,M22420,M,300.3,311.3,1377,53.8,125,0,0,0,0,0,0
3985,L51164,L,302.3,311.3,1652,32.8,108,0,0,0,0,0,0
400,L47579,L,297.4,308.4,1392,49.7,174,0,0,0,0,0,0
4222,L51401,L,301.9,310.6,1467,39.3,32,0,0,0,0,0,0
1240,H30653,H,297.2,308.5,1482,39.3,187,0,0,0,0,0,0
4180,L51359,L,302.4,310.9,1349,46.1,148,1,0,1,0,0,0
3387,H32800,H,301.5,310.8,1474,38.7,58,0,0,0,0,0,0
8658,L55837,L,297.4,308.4,1421,46.0,124,0,0,0,0,0,0
2783,M17642,M,300.2,309.6,1491,41.8,41,0,0,0,0,0,0
36,M14895,M,298.8,309.2,1452,48.6,98,0,0,0,0,0,0
16,L47195,L,298.6,309.2,1542,48.4,42,0,0,0,0,0,0
5482,L52661,L,302.6,312.0,1781,28.5,196,0,0,0,0,0,0
3723,L50902,L,302.2,311.2,1451,41.8,66,0,0,0,0,0,0
2259,L49438,L,299.1,308.2,1319,60.3,36,0,0,0,0,0,0
7556,L54735,L,300.3,311.3,1332,60.5,112,0,0,0,0,0,0
2781,M17640,M,300.2,309.6,1556,35.8,36,0,0,0,0,0,0
2376,M17235,M,299.2,308.4,1476,32.7,101,0,0,0,0,0,0
992,M15851,M,296.1,307.0,1523,42.0,164,0,0,0,0,0,0
1552,L48731,L,298.4,308.8,1458,40.1,111,0,0,0,0,0,0
3028,L50207,L,300.5,309.5,1777,23.6,0,0,0,0,0,0,0
8847,M23706,M,297.4,308.8,1325,62.4,204,1,1,0,0,1,0
6014,L53193,L,300.7,310.8,1597,30.5,38,0,0,0,0,0,0
703,M15562,M,297.7,308.9,1531,48.3,84,0,0,0,0,0,0
8460,L55639,L,298.7,309.9,1651,29.5,42,0,0,0,0,0,0
7471,L54650,L,300.4,311.6,1332,54.6,111,0,0,0,0,0,0
8736,L55915,L,297.3,308.6,1358,47.6,110,0,0,0,0,0,0
2965,L50144,L,300.7,309.5,1692,30.3,64,0,0,0,0,0,0
4919,L52098,L,303.3,312.2,1457,40.7,48,0,0,0,0,0,0
185,L47364,L,298.2,308.2,1667,30.6,59,0,0,0,0,0,0
766,L47945,L,296.9,308.0,1332,53.9,7,0,0,0,0,0,0
1335,L48514,L,299.0,310.4,1365,49.1,226,1,0,0,0,1,0
8218,L55397,L,299.1,310.6,1577,37.1,44,0,0,0,0,0,0
3529,L50708,L,302.0,310.9,1378,53.1,212,1,0,0,0,1,0
6019,M20878,M,300.8,310.9,1557,31.6,52,0,0,0,0,0,0
2138,L49317,L,299.3,308.9,1623,31.1,152,0,0,0,0,0,0
6997,M21856,M,300.5,310.6,1621,32.0,184,0,0,0,0,0,0
1326,H30739,H,298.8,310.1,1567,36.8,197,0,0,0,0,0,0
4523,M19382,M,302.5,310.5,1918,21.6,131,0,0,0,0,0,0
1599,L48778,L,297.9,308.0,1501,36.7,4,0,0,0,0,0,0
7013,L54192,L,300.4,310.4,1298,61.4,19,0,0,0,0,0,0
3487,L50666,L,301.9,310.8,1650,29.8,94,0,0,0,0,0,0
2400,M17259,M,299.2,308.5,1594,35.8,160,0,0,0,0,0,0
8501,L55680,L,298.3,309.5,1711,30.3,148,0,0,0,0,0,0
5957,L53136,L,300.7,310.9,1535,37.1,113,0,0,0,0,0,0
3793,L50972,L,302.3,310.9,1459,35.0,32,0,0,0,0,0,0
7592,M22451,M,300.5,311.1,1296,61.3,202,1,0,0,0,1,0
5143,L52322,L,304.4,313.6,1568,39.1,0,0,0,0,0,0,0
6415,M21274,M,300.4,310.1,1457,35.1,193,0,0,0,0,0,0
2179,L49358,L,299.6,309.2,1602,37.3,31,0,0,0,0,0,0
3471,L50650,L,301.8,310.8,1736,26.5,56,0,0,0,0,0,0
8604,H38017,H,297.3,308.0,1384,49.1,206,0,0,0,0,0,0
7331,H36744,H,299.8,310.2,1537,36.6,191,0,0,0,0,0,0
9605,H39018,H,299.0,310.2,1637,38.0,68,0,0,0,0,0,0
4228,L51407,L,302.2,310.8,1383,46.9,45,0,0,0,0,0,0
5786,L52965,L,301.7,311.1,1469,37.2,128,0,0,0,0,0,0
1794,L48973,L,298.1,307.8,1761,28.2,76,0,0,0,0,0,0
2405,M17264,M,299.1,308.7,2008,20.3,178,0,0,0,0,0,0
1452,L48631,L,298.9,310.4,1831,25.4,81,0,0,0,0,0,0
5232,L52411,L,303.8,313.1,1458,42.2,25,0,0,0,0,0,0
530,L47709,L,297.6,309.5,1569,36.2,63,0,0,0,0,0,0
5163,L52342,L,304.2,313.3,1464,45.9,48,0,0,0,0,0,0
6741,L53920,L,301.8,311.2,1417,55.9,156,0,0,0,0,0,0
699,L47878,L,297.6,308.8,1539,40.2,72,0,0,0,0,0,0
2721,L49900,L,299.6,309.2,1559,39.1,110,0,0,0,0,0,0
9879,L57058,L,298.7,309.7,1293,59.1,125,0,0,0,0,0,0
1049,L48228,L,296.5,307.6,1607,33.5,104,0,0,0,0,0,0
9084,M23943,M,297.2,307.9,1541,35.7,169,0,0,0,0,0,0
3637,L50816,L,302.2,311.4,1449,46.5,60,0,0,0,0,0,0
981,L48160,L,296.1,306.7,1409,42.8,134,0,0,0,0,0,0
1321,M16180,M,299.0,310.3,1540,38.1,182,0,0,0,0,0,0
2147,L49326,L,299.3,308.8,1647,32.9,172,0,0,0,0,0,0
8879,L56058,L,298.1,309.2,1802,26.9,83,0,0,0,0,0,0
594,L47773,L,297.5,309.6,1312,50.7,0,0,0,0,0,0,0
2793,L49972,L,300.4,309.7,1584,32.6,71,0,0,0,0,0,0
545,M15404,M,297.5,309.4,1831,26.6,105,0,0,0,0,0,0
6221,L53400,L,301.1,310.8,1470,49.3,116,0,0,0,0,0,0
1671,L48850,L,298.2,307.8,1528,31.1,194,0,0,0,0,0,0
4669,H34082,H,303.3,311.4,1692,27.9,55,0,0,0,0,0,0
8122,L55301,L,300.2,311.6,1827,27.0,22,0,0,0,0,0,0
4315,H33728,H,301.4,310.1,1623,32.3,39,0,0,0,0,0,0
303,H29716,H,297.8,308.4,1512,35.1,138,0,0,0,0,0,0
6273,M21132,M,301.1,310.6,1429,52.7,35,0,0,0,0,0,0
6473,H35886,H,300.4,309.6,1571,33.6,126,0,0,0,0,0,0
5090,M19949,M,303.9,313.1,1483,47.2,71,0,0,0,0,0,0
6566,L53745,L,301.4,310.6,1550,36.8,159,0,0,0,0,0,0
6754,L53933,L,301.6,310.9,1385,50.7,195,0,0,0,0,0,0
6835,L54014,L,301.1,311.0,1378,51.1,190,0,0,0,0,0,0
6072,M20931,M,300.9,310.8,1452,43.6,185,0,0,0,0,0,0
9487,M24346,M,298.9,309.6,1472,46.0,199,0,0,0,0,0,0
3677,M18536,M,302.2,311.5,1562,38.0,162,0,0,0,0,0,0
1968,L49147,L,297.9,307.6,1589,37.8,120,0,0,0,0,0,0
1425,L48604,L,298.7,309.7,1462,46.8,4,0,0,0,0,0,0
8906,L56085,L,297.3,308.6,1385,55.2,156,0,0,0,0,0,0
5055,L52234,L,303.8,312.9,1619,35.7,182,0,0,0,0,0,0
267,H29680,H,298.0,308.1,1440,43.7,37,0,0,0,0,0,0
1976,L49155,L,298.0,307.7,1422,45.6,140,0,0,0,0,0,0
7243,H36656,H,299.9,310.1,1447,51.4,185,0,0,0,0,0,0
4398,L51577,L,302.4,310.2,1539,37.7,29,0,0,0,0,0,0
4807,H34220,H,303.6,312.5,1375,54.0,186,0,0,0,0,0,0
9324,L56503,L,298.6,309.4,1447,40.2,173,0,0,0,0,0,0
5431,L52610,L,302.8,312.5,1694,28.4,66,0,0,0,0,0,0
2387,L49566,L,299.1,308.4,1543,37.9,130,0,0,0,0,0,0
1693,M16552,M,298.1,307.6,1764,27.7,23,0,0,0,0,0,0
5399,L52578,L,302.9,312.4,1923,23.9,244,0,0,0,0,0,0
4668,H34081,H,303.3,311.4,1651,30.6,50,0,0,0,0,0,0
6685,L53864,L,301.6,310.9,1538,40.4,13,0,0,0,0,0,0
4584,M19443,M,302.9,311.2,1467,37.7,73,0,0,0,0,0,0
5507,L52686,L,302.9,312.2,1677,30.5,46,0,0,0,0,0,0
8519,M23378,M,298.3,309.6,1681,27.1,194,0,0,0,0,0,0
244,L47423,L,298.0,308.2,1442,44.1,204,0,0,0,0,0,0
4941,L52120,L,303.6,312.6,1502,39.5,103,0,0,0,0,0,0
2750,M17609,M,299.7,309.2,1685,28.9,179,1,0,0,0,0,0
2008,L49187,L,298.6,308.4,1562,34.4,25,0,0,0,0,0,0
8091,L55270,L,300.1,311.4,1910,23.0,153,0,0,0,0,0,0
7938,L55117,L,300.8,311.7,1578,31.4,219,0,0,0,0,0,0
3275,L50454,L,301.3,310.0,1665,31.4,0,0,0,0,0,0,0
8865,M23724,M,298.0,309.1,1574,34.8,40,0,0,0,0,0,0
7842,L55021,L,300.1,311.5,1471,47.2,201,0,0,0,0,0,0
7192,L54371,L,300.3,310.3,1629,34.1,52,0,0,0,0,0,0
8364,L55543,L,298.8,309.7,1582,45.0,11,0,0,0,0,0,0
9352,L56531,L,298.3,308.8,1645,30.4,33,0,0,0,0,0,0
8981,L56160,L,297.0,307.6,1513,42.4,124,0,0,0,0,0,0
3581,L50760,L,301.8,310.6,1650,31.9,126,0,0,0,0,0,0
481,L47660,L,297.4,309.0,1583,32.0,166,0,0,0,0,0,0
7040,H36453,H,300.6,310.5,1519,37.0,91,0,0,0,0,0,0
4010,L51189,L,302.2,311.2,1630,36.0,169,0,0,0,0,0,0
9358,M24217,M,298.3,308.9,1646,25.4,46,0,0,0,0,0,0
9619,L56798,L,299.0,310.1,1447,42.8,104,0,0,0,0,0,0
7490,M22349,M,300.2,311.6,1751,28.0,162,0,0,0,0,0,0
7819,L54998,L,299.8,311.2,2142,16.6,144,0,0,0,0,0,0
470,M15329,M,297.3,308.8,1586,32.7,131,0,0,0,0,0,0
3281,M18140,M,301.2,309.9,1456,50.8,15,0,0,0,0,0,0
2661,L49840,L,299.8,309.3,1291,56.4,188,0,0,0,0,0,0
7416,L54595,L,300.1,311.2,1489,39.1,188,0,0,0,0,0,0
6045,M20904,M,300.8,310.9,1522,41.7,115,0,0,0,0,0,0
7193,M22052,M,300.2,310.2,1429,43.8,54,0,0,0,0,0,0
7517,M22376,M,300.3,311.7,1236,57.5,12,0,0,0,0,0,0
9473,M24332,M,298.7,309.4,1375,48.3,157,0,0,0,0,0,0
4604,H34017,H,302.9,311.0,1452,58.3,123,0,0,0,0,0,0
5907,L53086,L,300.7,310.3,1533,35.6,198,0,0,0,0,0,0
4281,L51460,L,302.1,310.1,1753,28.9,176,0,0,0,0,0,0
1402,H30815,H,298.9,310.2,1532,37.7,166,0,0,0,0,0,0
5344,L52523,L,303.5,312.8,1607,38.4,92,0,0,0,0,0,0
2872,M17731,M,300.7,309.6,1536,37.2,19,0,0,0,0,0,0
9089,M23948,M,297.1,307.9,1662,26.9,183,0,0,0,0,0,0
6016,M20875,M,300.8,310.8,1520,38.0,45,0,0,0,0,0,0
3937,L51116,L,302.5,311.5,1985,18.8,190,0,0,0,0,0,0
9716,L56895,L,299.1,310.1,1373,55.6,108,0,0,0,0,0,0
3803,M18662,M,302.2,310.9,1488,44.2,57,0,0,0,0,0,0
7174,L54353,L,300.1,310.1,1684,30.8,13,0,0,0,0,0,0
5369,M20228,M,303.1,312.5,1667,30.0,160,0,0,0,0,0,0
9741,M24600,M,298.9,310.1,1655,31.5,172,0,0,0,0,0,0
7244,M22103,M,300.0,310.2,1393,51.2,190,0,0,0,0,0,0
6429,M21288,M,300.2,309.8,1743,24.1,18,0,0,0,0,0,0
2064,L49243,L,299.7,309.6,1321,53.4,166,0,0,0,0,0,0
6922,L54101,L,301.1,311.6,1432,48.1,202,0,0,0,0,0,0
8888,L56067,L,297.8,308.9,1530,37.6,106,0,0,0,0,0,0
8638,L55817,L,297.5,308.5,1459,39.7,69,0,0,0,0,0,0
4537,L51716,L,302.4,310.2,1351,45.1,168,1,0,1,0,0,0
6126,L53305,L,300.9,310.9,1995,20.2,105,0,0,0,0,0,0
3334,M18193,M,301.6,310.8,1343,49.5,140,0,0,0,0,0,0
1986,L49165,L,298.1,307.7,1537,40.8,169,0,0,0,0,0,0
4809,L51988,L,303.5,312.3,1404,48.6,193,0,0,0,0,0,0
9770,L56949,L,298.6,309.6,1386,48.6,25,0,0,0,0,0,0
9675,L56854,L,299.1,310.2,1695,29.6,8,0,0,0,0,0,0
1654,L48833,L,298.0,307.8,1386,57.3,147,0,0,0,0,0,0
2157,M17016,M,299.4,308.9,1457,41.5,201,0,0,0,0,0,0
9642,L56821,L,299.3,310.4,1365,53.9,171,0,0,0,0,0,0
3322,L50501,L,301.5,310.6,1522,41.0,114,0,0,0,0,0,0
3654,L50833,L,302.1,311.4,1518,37.4,102,0,0,0,0,0,0
7443,L54622,L,300.0,311.5,1601,36.9,35,0,0,0,0,0,0
3989,L51168,L,302.2,311.3,1554,40.2,118,0,0,0,0,0,0
4755,M19614,M,303.3,311.5,1384,54.8,48,0,0,0,0,0,0
780,L47959,L,296.8,308.0,1666,29.8,41,0,0,0,0,0,0
1786,L48965,L,298.2,308.0,1538,38.2,59,0,0,0,0,0,0
9606,M24465,M,298.9,310.1,1484,37.9,73,0,0,0,0,0,0
2795,L49974,L,300.4,309.6,1553,43.9,75,0,0,0,0,0,0
7261,L54440,L,300.4,310.5,2424,14.5,12,0,0,0,0,0,0
4872,L52051,L,303.7,312.4,1513,40.1,135,0,0,0,0,0,0
8204,M23063,M,299.4,310.9,1473,40.1,7,0,0,0,0,0,0
5003,L52182,L,303.7,312.8,1627,31.7,40,0,0,0,0,0,0
4058,L51237,L,302.0,310.9,1495,38.6,52,0,0,0,0,0,0
6752,M21611,M,301.7,311.0,1505,37.1,190,0,0,0,0,0,0
5521,M20380,M,302.6,312.0,1496,45.0,79,0,0,0,0,0,0
7411,L54590,L,299.9,311.0,1747,27.6,177,0,0,0,0,0,0
1121,H30534,H,296.6,307.7,1654,31.0,91,0,0,0,0,0,0
9305,L56484,L,298.3,309.1,1537,43.0,123,0,0,0,0,0,0
3437,L50616,L,301.5,310.5,1466,48.1,189,0,0,0,0,0,0
9145,M24004,M,297.5,308.5,1447,41.6,118,0,0,0,0,0,0
3419,H32832,H,301.6,310.6,1555,40.4,139,0,0,0,0,0,0
1061,H30474,H,296.7,307.9,1424,53.8,133,0,0,0,0,0,0
242,L47421,L,298.0,308.1,1777,24.3,200,0,0,0,0,0,0
8984,M23843,M,297.0,307.7,1261,51.1,130,0,0,0,0,0,0
2963,L50142,L,300.7,309.5,1508,39.9,59,0,0,0,0,0,0
7874,L55053,L,300.7,312.4,1470,38.6,56,0,0,0,0,0,0
653,L47832,L,297.7,309.2,1391,44.5,159,0,0,0,0,0,0
8494,M23353,M,298.3,309.5,1560,36.9,131,0,0,0,0,0,0
1943,L49122,L,298.1,308.0,1456,42.4,59,0,0,0,0,0,0
3250,L50429,L,301.1,309.8,1493,38.9,149,0,0,0,0,0,0
7330,M22189,M,299.9,310.4,1576,34.3,188,0,0,0,0,0,0
1975,L49154,L,298.0,307.6,1450,48.7,138,0,0,0,0,0,0
1658,M16517,M,298.1,308.0,1374,48.8,156,0,0,0,0,0,0
577,H29990,H,297.7,309.7,1440,51.1,191,0,0,0,0,0,0
9044,L56223,L,297.4,308.4,1343,40.0,61,0,0,0,0,0,0
2206,L49385,L,299.9,309.2,1624,34.6,105,0,0,0,0,0,0
1488,L48667,L,298.2,309.1,1429,48.5,164,0,0,0,0,0,0
7818,H37231,H,299.8,311.3,1785,25.4,139,0,0,0,0,0,0
2024,L49203,L,298.7,308.5,1444,54.2,62,0,0,0,0,0,0
3564,M18423,M,301.8,310.7,1465,35.8,82,0,0,0,0,0,0
1226,H30639,H,297.1,308.3,1492,41.5,141,0,0,0,0,0,0
1895,H31308,H,297.9,307.5,1880,23.3,146,0,0,0,0,0,0
9046,L56225,L,297.4,308.4,1603,34.6,65,0,0,0,0,0,0
3143,L50322,L,300.6,310.0,1658,34.7,88,0,0,0,0,0,0
8346,H37759,H,298.8,309.8,1490,35.9,171,0,0,0,0,0,0
7583,H36996,H,300.4,311.2,1489,45.3,180,0,0,0,0,0,0
3843,L51022,L,302.5,311.2,1545,40.1,165,0,0,0,0,0,0
18,M14877,M,298.7,309.2,1410,45.6,47,0,0,0,0,0,0
1072,L48251,L,296.9,307.8,1425,49.1,163,0,0,0,0,0,0
774,L47953,L,296.8,308.0,1510,39.4,29,0,0,0,0,0,0
641,M15500,M,297.9,309.6,1515,38.8,124,0,0,0,0,0,0
1626,L48805,L,297.9,307.8,1365,46.9,73,0,0,0,0,0,0
3846,L51025,L,302.3,311.0,1591,32.7,171,0,0,0,0,0,0
5165,M20024,M,304.3,313.4,1624,32.1,53,0,0,0,0,0,0
3875,L51054,L,302.6,311.7,1254,54.1,19,0,0,0,0,0,0
7030,L54209,L,300.6,310.6,1454,39.7,67,0,0,0,0,0,0
7236,L54415,L,299.8,310.0,1361,53.8,167,0,0,0,0,0,0
868,H30281,H,295.9,306.5,1594,33.2,55,0,0,0,0,0,0
5968,L53147,L,300.4,310.8,1390,52.5,144,0,0,0,0,0,0
4645,L51824,L,303.2,311.4,1514,41.2,230,0,0,0,0,0,0
8935,L56114,L,297.3,308.2,1601,35.7,9,0,0,0,0,0,0
5457,M20316,M,303.1,312.6,1567,32.9,132,0,0,0,0,0,0
9422,M24281,M,298.1,308.5,1382,54.5,17,0,0,0,0,0,0
1602,L48781,L,297.8,307.8,1597,38.2,11,0,0,0,0,0,0
494,L47673,L,297.5,309.3,1470,38.8,197,0,0,0,0,0,0
1446,L48625,L,299.0,310.1,1618,29.2,62,0,0,0,0,0,0
8349,M23208,M,298.7,309.6,1452,42.7,180,0,0,0,0,0,0
2879,H32292,H,300.5,309.4,1502,34.3,40,0,0,0,0,0,0
3873,L51052,L,302.7,311.9,1389,46.5,15,0,0,0,0,0,0
6106,M20965,M,300.8,310.9,1522,46.2,56,0,0,0,0,0,0
760,M15619,M,296.7,307.8,1537,36.3,233,0,0,0,0,0,0
5120,L52299,L,304.2,313.6,1411,46.0,149,0,0,0,0,0,0
663,M15522,M,297.6,308.9,1479,38.1,182,0,0,0,0,0,0
2554,L49733,L,299.3,309.1,1473,40.3,125,0,0,0,0,0,0
3079,M17938,M,300.1,309.4,1349,56.2,127,0,0,0,0,0,0
6110,M20969,M,300.8,310.9,1514,38.7,66,0,0,0,0,0,0
72,L47251,L,298.9,309.1,1452,45.5,196,0,0,0,0,0,0
3016,L50195,L,300.5,309.7,1589,30.5,198,0,0,0,0,0,0
4766,L51945,L,303.7,312.0,1892,22.5,79,0,0,0,0,0,0
330,H29743,H,297.7,308.5,1720,29.9,210,0,0,0,0,0,0
8312,M23171,M,298.8,310.0,1295,52.7,74,0,0,0,0,0,0
9345,L56524,L,298.2,308.8,1616,33.7,16,0,0,0,0,0,0
4212,L51391,L,302.1,310.7,1314,52.8,8,1,0,1,0,0,0
2056,L49235,L,299.6,309.4,1643,32.9,145,0,0,0,0,0,0
9968,M24827,M,298.3,307.9,1609,32.4,151,0,0,0,0,0,0
1896,L49075,L,297.9,307.6,1344,54.3,151,0,0,0,0,0,0
4742,L51921,L,303.2,311.3,1393,52.9,12,0,0,0,0,0,0
6555,M21414,M,301.4,310.7,1639,29.8,127,0,0,0,0,0,0
50,M14909,M,298.9,309.2,1412,44.1,140,0,0,0,0,0,0
7473,M22332,M,300.3,311.6,1617,32.5,115,0,0,0,0,0,0
6547,M21406,M,301.4,310.8,1530,39.9,107,0,0,0,0,0,0
9111,M23970,M,297.6,308.6,1389,49.0,34,0,0,0,0,0,0
8066,M22925,M,300.5,311.9,1670,26.3,89,0,0,0,0,0,0
3802,M18661,M,302.2,310.9,1771,27.6,54,0,0,0,0,0,0
2286,L49465,L,299.4,308.7,1381,56.7,102,0,0,0,0,0,0
4983,L52162,L,303.7,313.0,1811,24.3,209,0,0,0,0,0,0
5222,L52401,L,303.9,313.0,1626,31.4,209,0,0,0,0,0,0
5314,M20173,M,303.7,312.9,1566,32.6,9,0,0,0,0,0,0
9790,L56969,L,298.6,309.6,1715,28.4,90,0,0,0,0,0,0
8892,M23751,M,297.7,308.9,1681,28.3,116,0,0,0,0,0,0
7832,M22691,M,300.0,311.4,1533,42.6,180,0,0,0,0,0,0
5498,M20357,M,302.9,312.5,1551,40.0,20,0,0,0,0,0,0
7737,H37150,H,300.6,312.1,1354,46.9,138,0,0,0,0,0,0
573,L47752,L,297.8,309.9,1351,49.0,181,0,0,0,0,0,0
8095,H37508,H,300.2,311.6,1662,28.8,162,0,0,0,0,0,0
7112,M21971,M,300.8,310.4,1450,39.4,62,0,0,0,0,0,0
5096,M19955,M,304.1,313.5,1428,39.9,88,0,0,0,0,0,0
2719,L49898,L,299.5,309.1,1357,47.3,106,0,0,0,0,0,0
8573,M23432,M,297.7,308.5,1559,35.2,127,0,0,0,0,0,0
5524,M20383,M,302.5,311.9,1524,34.8,86,0,0,0,0,0,0
6504,M21363,M,300.9,309.9,1465,42.9,209,0,0,0,0,0,0
4661,L51840,L,303.2,311.2,1439,43.9,30,0,0,0,0,0,0
8225,L55404,L,299.1,310.5,1496,35.2,60,0,0,0,0,0,0
7392,L54571,L,299.7,310.6,1675,31.3,129,0,0,0,0,0,0
4710,M19569,M,303.4,311.6,1446,50.0,163,0,0,0,0,0,0
6808,L53987,L,301.0,310.8,1549,41.4,121,0,0,0,0,0,0
5074,M19933,M,304.0,313.0,1454,46.8,30,0,0,0,0,0,0
4663,H34076,H,303.3,311.2,1607,31.7,34,0,0,0,0,0,0
9771,H39184,H,298.6,309.5,1584,31.8,27,0,0,0,0,0,0
2071,L49250,L,299.7,309.5,1352,49.7,184,0,0,0,0,0,0
3160,H32573,H,300.4,309.8,1409,47.5,138,0,0,0,0,0,0
2561,M17420,M,299.4,309.1,1326,62.0,142,0,0,0,0,0,0
6400,M21259,M,300.1,309.6,1501,38.0,157,0,0,0,0,0,0
5899,L53078,L,301.0,310.7,1300,57.2,174,0,0,0,0,0,0
6793,L53972,L,301.2,310.6,1811,24.0,84,0,0,0,0,0,0
5850,M20709,M,301.4,311.2,1434,47.6,52,0,0,0,0,0,0
7878,L55057,L,300.7,312.3,1420,53.8,67,0,0,0,0,0,0
3210,L50389,L,300.3,309.2,1587,31.4,43,0,0,0,0,0,0
2595,L49774,L,298.8,308.5,1446,37.0,11,0,0,0,0,0,0
2426,L49605,L,298.8,308.1,1472,53.5,28,0,0,0,0,0,0
7846,L55025,L,300.2,311.8,1798,23.2,210,0,0,0,0,0,0
9143,L56322,L,297.6,308.5,1678,34.2,114,0,0,0,0,0,0
9924,M24783,M,298.5,308.7,1615,33.3,41,0,0,0,0,0,0
2233,L49412,L,299.5,308.6,1672,30.5,177,0,0,0,0,0,0
8075,L55254,L,300.4,312.0,1631,34.9,115,0,0,0,0,0,0
3713,L50892,L,302.3,311.5,1543,33.1,39,0,0,0,0,0,0
1073,M15932,M,297.0,307.9,1414,46.2,165,0,0,0,0,0,0
2605,M17464,M,299.3,309.1,1385,45.6,34,0,0,0,0,0,0
7370,M22229,M,299.6,310.1,1646,29.6,73,0,0,0,0,0,0
8449,L55628,L,298.5,310.0,1492,41.2,19,0,0,0,0,0,0
6586,M21445,M,301.5,310.5,1600,32.8,205,0,0,0,0,0,0
6544,L53723,L,301.4,310.8,1698,29.6,99,0,0,0,0,0,0
4844,L52023,L,303.3,311.8,1842,24.5,67,0,0,0,0,0,0
1016,L48195,L,296.2,307.2,1356,43.6,22,0,0,0,0,0,0
903,L48082,L,295.6,306.1,1383,48.7,147,0,0,0,0,0,0
6984,M21843,M,300.7,311.0,1334,53.9,150,0,0,0,0,0,0
8546,L55725,L,298.4,309.3,1806,27.6,64,0,0,0,0,0,0
8343,L55522,L,298.7,309.7,1510,40.6,162,0,0,0,0,0,0
9712,H39125,H,299.1,310.1,1429,42.9,96,0,0,0,0,0,0
5424,L52603,L,302.6,312.3,1647,31.8,52,0,0,0,0,0,0
3290,M18149,M,301.2,310.1,1295,56.6,39,0,0,0,0,0,0
9140,L56319,L,297.5,308.5,1536,36.9,108,0,0,0,0,0,0
6958,L54137,L,300.7,311.1,1324,52.2,85,0,0,0,0,0,0
8402,H37815,H,298.5,309.4,1671,31.8,108,0,0,0,0,0,0
4581,L51760,L,303.0,311.2,1494,37.0,67,0,0,0,0,0,0
8278,H37691,H,298.8,310.5,1294,55.8,202,0,0,0,0,0,0
6189,L53368,L,301.0,310.9,1450,45.9,35,0,0,0,0,0,0
2742,L49921,L,299.6,309.0,1378,51.9,162,0,0,0,0,0,0
8853,L56032,L,297.7,308.9,1575,39.9,12,0,0,0,0,0,0
106,L47285,L,298.8,308.7,1591,31.1,68,0,0,0,0,0,0
6150,M21009,M,301.0,311.1,1420,47.4,167,0,0,0,0,0,0
1782,L48961,L,298.5,308.1,1662,28.6,48,0,0,0,0,0,0
9141,L56320,L,297.5,308.5,1373,39.9,110,0,0,0,0,0,0
1080,L48259,L,297.0,307.7,1731,28.5,186,0,0,0,0,0,0
1343,M16202,M,298.6,310.1,1596,33.0,15,0,0,0,0,0,0
2631,L49810,L,300.0,309.8,1372,39.6,105,0,0,0,0,0,0
9043,M23902,M,297.3,308.4,1599,32.9,58,0,0,0,0,0,0
9833,L57012,L,298.4,309.2,2118,17.7,210,0,0,0,0,0,0
1945,L49124,L,298.1,308.1,1791,27.3,63,0,0,0,0,0,0
7099,L54278,L,300.7,310.2,1642,32.6,26,0,0,0,0,0,0
1710,L48889,L,298.2,307.8,1749,26.1,66,0,0,0,0,0,0
8918,M23777,M,297.1,308.2,1529,37.9,183,0,0,0,0,0,0
1739,H31152,H,298.4,307.9,1948,21.4,136,0,0,0,0,0,0
7296,M22155,M,300.1,310.5,1329,57.4,99,0,0,0,0,0,0
5365,L52544,L,303.2,312.6,1601,35.3,148,0,0,0,0,0,0
9854,L57033,L,298.6,309.4,1525,37.8,54,0,0,0,0,0,0
9390,L56569,L,297.6,308.0,1258,57.4,139,0,0,0,0,0,0
2998,L50177,L,300.5,309.8,1345,62.7,153,0,0,0,0,0,0
8934,M23793,M,297.3,308.3,1544,41.7,6,0,0,0,0,0,0
86,M14945,M,299.0,309.0,1804,26.8,17,0,0,0,0,0,0
722,L47901,L,297.5,308.9,1696,30.9,133,0,0,0,0,0,0
125,L47304,L,298.9,308.7,1727,29.4,116,0,0,0,0,0,0
1206,L48385,L,296.8,308.0,1371,54.5,86,0,0,0,0,0,0
8976,H38389,H,296.7,307.4,1661,34.2,109,0,0,0,0,0,0
7148,L54327,L,300.3,309.8,1466,41.2,156,0,0,0,0,0,0
1916,L49095,L,298.0,307.7,1492,38.7,202,0,0,0,0,0,0
6244,L53423,L,301.0,310.4,2204,16.6,175,0,0,0,0,0,0
6279,L53458,L,301.2,310.7,1568,38.3,49,0,0,0,0,0,0
3188,M18047,M,300.2,309.4,1752,27.8,208,0,0,0,0,0,0
1210,H30623,H,297.0,308.1,2540,13.3,98,0,0,0,0,0,0
4603,M19462,M,303.0,311.0,1409,41.7,120,0,0,0,0,0,0
162,L47341,L,298.3,308.1,1412,52.3,218,1,0,0,0,1,0
2923,L50102,L,300.8,309.7,1481,38.1,153,0,0,0,0,0,0
4402,H33815,H,302.2,310.0,1468,43.6,38,0,0,0,0,0,0
4756,L51935,L,303.4,311.7,1295,51.3,51,1,0,1,0,0,0
3971,M18830,M,302.3,311.4,1345,47.6,67,0,0,0,0,0,0
6693,M21552,M,301.8,311.0,1839,23.6,30,0,0,0,0,0,0
2955,H32368,H,300.6,309.4,1691,28.0,36,0,0,0,0,0,0
5030,M19889,M,303.9,313.2,1624,39.8,107,0,0,0,0,0,0
7959,L55138,L,301.0,312.1,1377,49.9,48,0,0,0,0,0,0
2760,L49939,L,299.7,309.1,1483,41.1,208,0,0,0,0,0,0
8326,M23185,M,298.7,309.5,1500,38.8,116,0,0,0,0,0,0
4924,M19783,M,303.4,312.2,1972,23.5,59,0,0,0,0,0,0
2361,H31774,H,299.2,308.4,1388,53.2,59,0,0,0,0,0,0
5210,M20069,M,303.8,312.7,1507,38.5,180,0,0,0,0,0,0
3565,M18424,M,301.7,310.6,1492,42.2,85,0,0,0,0,0,0
7108,H36521,H,300.9,310.5,1512,41.2,49,0,0,0,0,0,0
4730,L51909,L,303.4,311.8,1306,61.0,215,1,0,1,0,1,0
2842,L50021,L,300.3,309.4,1705,29.4,190,0,0,0,0,0,0
3535,M18394,M,302.0,311.1,1769,26.0,10,0,0,0,0,0,0
4165,L51344,L,302.2,310.6,1346,47.5,109,1,0,1,0,0,0
3817,L50996,L,302.1,310.6,1459,47.6,93,0,0,0,0,0,0
5412,L52591,L,302.8,312.6,1462,39.4,22,0,0,0,0,0,0
1185,L48364,L,297.3,308.5,1497,47.5,27,0,0,0,0,0,0
1263,H30676,H,297.8,309.2,1648,33.0,29,0,0,0,0,0,0
6367,M21226,M,299.9,309.5,2065,18.1,62,0,0,0,0,0,0
5225,L52404,L,303.9,313.2,1590,31.9,5,0,0,0,0,0,0
287,L47466,L,298.2,308.3,1589,33.2,94,0,0,0,0,0,0
4595,M19454,M,303.0,311.2,1387,41.4,100,0,0,0,0,0,0
5434,L52613,L,302.9,312.5,1550,45.5,72,0,0,0,0,0,0
4254,M19113,M,302.6,311.0,1329,48.6,111,1,0,1,0,0,0
2439,M17298,M,299.1,308.4,1330,53.6,62,0,0,0,0,0,0
8308,M23167,M,298.7,310.1,1402,69.7,64,1,0,0,1,0,0
4713,L51892,L,303.4,311.8,1564,35.9,171,0,0,0,0,0,0
6681,L53860,L,301.5,310.8,1417,49.7,5,0,0,0,0,0,0
3212,L50391,L,300.3,309.2,1462,51.4,48,0,0,0,0,0,0
3474,M18333,M,301.8,310.8,1691,33.4,62,0,0,0,0,0,0
6240,L53419,L,301.2,310.7,1644,31.6,166,0,0,0,0,0,0
7020,L54199,L,300.8,310.8,1741,27.1,39,0,0,0,0,0,0
2215,H31628,H,299.7,309.2,1355,44.8,127,0,0,0,0,0,0
4535,L51714,L,302.4,310.2,1633,28.0,164,0,0,0,0,0,0
7748,M22607,M,300.5,311.8,1331,55.3,167,0,0,0,0,0,0
880,L48059,L,295.8,306.3,1337,54.6,87,0,0,0,0,0,0
168,H29581,H,298.4,308.3,1458,42.9,15,0,0,0,0,0,0
5289,L52468,L,303.8,313.2,1531,39.4,159,0,0,0,0,0,0
9427,L56606,L,298.1,308.7,1341,55.7,30,0,0,0,0,0,0
8912,L56091,L,297.1,308.3,1773,23.8,169,0,0,0,0,0,0
3042,L50221,L,300.4,309.5,1543,38.9,37,0,0,0,0,0,0
3747,H33160,H,302.5,311.3,1393,47.5,130,0,0,0,0,0,0
51,L47230,L,298.9,309.1,2861,4.6,143,1,0,0,1,0,0
7127,M21986,M,300.6,310.0,1542,33.9,100,0,0,0,0,0,0
2432,M17291,M,298.9,308.2,1411,51.3,43,0,0,0,0,0,0
6826,L54005,L,301.0,310.9,1828,25.1,166,0,0,0,0,0,0
9276,L56455,L,298.2,308.7,1605,29.4,47,0,0,0,0,0,0
197,H29610,H,298.3,308.6,1432,49.5,91,0,0,0,0,0,0
5347,L52526,L,303.4,312.7,1534,35.5,98,0,0,0,0,0,0
9992,M24851,M,298.9,308.4,1827,26.1,5,0,0,0,0,0,0
5902,L53081,L,301.0,310.7,1464,45.8,184,0,0,0,0,0,0
9544,M24403,M,299.5,310.9,1378,48.7,119,0,0,0,0,0,0
7614,L54793,L,300.5,311.3,1475,46.3,49,0,0,0,0,0,0
392,L47571,L,297.6,308.6,1491,38.1,152,0,0,0,0,0,0
9946,L57125,L,298.3,308.0,1578,37.8,101,0,0,0,0,0,0
8363,L55542,L,298.6,309.6,1353,62.5,9,0,0,0,0,0,0
1015,L48194,L,296.2,307.2,1445,41.8,20,0,0,0,0,0,0
6647,L53826,L,301.5,310.5,1479,34.2,147,0,0,0,0,0,0
7785,L54964,L,300.3,311.5,1403,60.1,58,0,0,0,0,0,0
1503,L48682,L,298.0,308.7,1462,48.2,204,0,0,0,0,0,0
4627,L51806,L,303.0,311.2,1664,29.8,186,0,0,0,0,0,0
2395,L49574,L,299.2,308.5,1488,40.3,148,0,0,0,0,0,0
1971,M16830,M,297.9,307.6,1202,67.0,129,0,0,0,0,0,0
8295,M23154,M,298.9,310.5,1525,38.5,27,0,0,0,0,0,0
2975,M17834,M,300.6,309.4,1521,37.2,90,0,0,0,0,0,0
1847,H31260,H,297.7,307.3,1514,38.6,19,0,0,0,0,0,0
2278,H31691,H,299.3,308.7,1408,44.4,82,0,0,0,0,0,0
1518,M16377,M,298.2,308.9,1408,38.8,20,0,0,0,0,0,0
4798,L51977,L,303.5,312.5,1380,46.1,166,0,0,0,0,0,0
637,L47816,L,298.3,309.9,1463,43.9,116,0,0,0,0,0,0
8642,M23501,M,297.6,308.5,1360,48.6,77,0,0,0,0,0,0
1603,H31016,H,297.8,307.9,1600,33.5,13,0,0,0,0,0,0
6631,M21490,M,301.6,310.5,1414,49.3,106,0,0,0,0,0,0
9399,H38812,H,297.7,308.2,1526,40.1,165,0,0,0,0,0,0
7287,M22146,M,300.1,310.4,1480,37.1,77,0,0,0,0,0,0
5324,M20183,M,303.4,312.7,1399,48.4,34,0,0,0,0,0,0
7070,L54249,L,300.8,310.7,1525,39.4,175,0,0,0,0,0,0
5403,L52582,L,302.7,312.3,1421,48.5,0,0,0,0,0,0,0
4678,H34091,H,303.5,311.6,1466,47.0,80,0,0,0,0,0,0
5678,L52857,L,302.3,311.8,1281,51.7,61,0,0,0,0,0,0
3063,L50242,L,299.9,309.0,1553,40.0,88,0,0,0,0,0,0
9131,L56310,L,297.6,308.6,1576,32.7,83,0,0,0,0,0,0
1776,L48955,L,298.5,308.0,1404,48.1,32,0,0,0,0,0,0
2990,L50169,L,300.6,309.8,1502,42.4,133,0,0,0,0,0,0
2859,L50038,L,300.5,309.3,1417,51.5,231,1,0,0,0,1,0
1677,H31090,H,297.9,307.6,1418,43.0,207,0,0,0,0,0,0
3523,L50702,L,301.8,311.0,1651,32.5,195,0,0,0,0,0,0
5129,L52308,L,304.2,313.4,1434,42.5,175,0,0,0,0,0,0
6651,L53830,L,301.6,310.4,1561,35.3,156,0,0,0,0,0,0
286,L47465,L,298.2,308.3,1568,36.0,92,0,0,0,0,0,0
7573,L54752,L,300.3,311.1,1676,28.6,158,0,0,0,0,0,0
5701,L52880,L,302.5,311.9,1497,41.6,123,0,0,0,0,0,0
851,L48030,L,296.3,307.3,1567,31.4,5,0,0,0,0,0,0
1853,M16712,M,297.6,307.1,1526,39.1,39,0,0,0,0,0,0
966,L48145,L,295.8,306.6,1508,46.5,99,0,0,0,0,0,0
1704,M16563,M,298.1,307.8,1636,36.7,51,0,0,0,0,0,0
5920,L53099,L,300.6,310.3,1414,50.6,25,0,0,0,0,0,0
3311,L50490,L,301.3,310.4,1346,46.7,90,0,0,0,0,0,0
2884,L50063,L,300.6,309.5,1437,40.0,55,0,0,0,0,0,0
1919,M16778,M,298.1,307.9,1496,40.0,0,0,0,0,0,0,0
3593,H33006,H,301.6,310.4,1369,45.4,156,0,0,0,0,0,0
2850,L50029,L,300.4,309.3,1766,28.2,207,0,0,0,0,0,0
5856,M20715,M,301.2,310.9,1424,45.2,68,0,0,0,0,0,0
7427,M22286,M,300.0,311.4,1692,29.0,216,1,1,0,0,0,0
7745,L54924,L,300.4,311.7,1314,59.5,160,0,0,0,0,0,0
477,L47656,L,297.4,309.0,1570,37.9,154,0,0,0,0,0,0
7006,M21865,M,300.6,310.7,1339,52.9,0,0,0,0,0,0,0
6516,L53695,L,301.0,310.0,1480,43.5,21,0,0,0,0,0,0
7302,L54481,L,300.1,310.4,1554,39.4,115,0,0,0,0,0,0
4912,L52091,L,303.5,312.3,1681,29.8,25,0,0,0,0,0,0
1600,L48779,L,297.9,308.0,1490,46.2,6,0,0,0,0,0,0
2766,M17625,M,299.9,309.4,1399,54.8,3,0,0,0,0,0,0
7594,L54773,L,300.5,311.2,1270,67.5,208,1,0,0,0,1,0
2709,L49888,L,299.6,309.1,2266,15.3,79,0,0,0,0,0,0
7508,L54687,L,300.5,311.9,1750,28.3,207,0,0,0,0,0,0
7967,L55146,L,301.0,312.2,1602,35.9,67,0,0,0,0,0,0
3501,H32914,H,301.9,311.0,1871,26.0,132,0,0,0,0,0,0
1239,M16098,M,297.1,308.4,1615,32.6,184,0,0,0,0,0,0
1103,L48282,L,296.8,307.5,1347,54.8,43,0,0,0,0,0,0
8582,M23441,M,297.5,308.0,1429,45.8,148,0,0,0,0,0,0
6933,L54112,L,300.8,311.4,1322,67.2,18,1,0,0,1,0,0
3568,L50747,L,301.8,310.5,1548,34.1,93,0,0,0,0,0,0
9562,L56741,L,299.6,310.9,1853,26.3,166,0,0,0,0,0,0
8367,M23226,M,298.9,309.8,1836,22.8,18,0,0,0,0,0,0
7792,L54971,L,300.1,311.4,1418,47.7,73,0,0,0,0,0,0
4430,M19289,M,302.3,310.1,1731,33.4,112,0,0,0,0,0,0
7563,M22422,M,300.3,311.1,1350,58.7,130,0,0,0,0,0,0
9168,M24027,M,297.6,308.7,1392,41.2,178,0,0,0,0,0,0
9328,L56507,L,298.5,309.2,1504,33.7,182,0,0,0,0,0,0
7483,M22342,M,300.2,311.6,1510,47.5,146,0,0,0,0,0,0
8708,L55887,L,297.2,308.5,1471,41.7,41,0,0,0,0,0,0
684,L47863,L,297.7,309.0,1874,24.4,28,0,0,0,0,0,0
881,M15740,M,295.8,306.3,1235,76.2,89,1,0,0,1,0,0
979,M15838,M,296.2,306.8,1526,42.3,129,0,0,0,0,0,0
591,L47770,L,297.5,309.4,1517,36.7,233,0,0,0,0,0,0
5711,H35124,H,302.2,311.7,1413,46.5,147,0,0,0,0,0,0
6287,L53466,L,301.1,310.6,1611,35.2,70,0,0,0,0,0,0
7090,L54269,L,300.6,310.2,1622,34.1,3,0,0,0,0,0,0
5175,M20034,M,304.2,313.5,1390,47.8,83,0,0,0,0,0,0
6648,L53827,L,301.5,310.5,1927,22.4,149,0,0,0,0,0,0
633,H30046,H,298.3,310.0,1419,47.1,105,0,0,0,0,0,0
161,L47340,L,298.4,308.2,1282,60.7,216,1,0,0,0,1,0
2767,M17626,M,299.9,309.4,1889,26.0,6,0,0,0,0,0,0
6950,M21809,M,300.7,311.2,1769,26.5,63,0,0,0,0,0,0
5495,L52674,L,302.8,312.4,1368,49.5,10,0,0,0,0,0,0
2770,M17629,M,300.0,309.6,1477,38.1,13,0,0,0,0,0,0
7603,L54782,L,300.4,311.2,1705,28.7,20,0,0,0,0,0,0
2761,L49940,L,299.8,309.2,1400,42.6,210,0,0,0,0,0,0
5350,M20209,M,303.3,312.7,1642,33.6,104,0,0,0,0,0,0
5820,L52999,L,301.3,311.0,1418,41.9,208,0,0,0,0,0,0
2337,L49516,L,299.2,308.4,1434,46.8,2,0,0,0,0,0,0
1398,L48577,L,299.1,310.2,1569,38.2,155,0,0,0,0,0,0
4074,M18933,M,301.9,310.6,1412,46.5,89,0,0,0,0,0,0
8742,L55921,L,297.4,308.8,1538,41.2,126,0,0,0,0,0,0
1913,M16772,M,298.0,307.7,1621,34.9,194,0,0,0,0,0,0
8302,M23161,M,298.7,310.1,1644,34.1,46,0,0,0,0,0,0
2280,L49459,L,299.4,308.7,1525,39.0,90,0,0,0,0,0,0
3087,L50266,L,300.0,309.2,1610,32.1,150,0,0,0,0,0,0
2957,M17816,M,300.8,309.6,1404,38.7,44,0,0,0,0,0,0
2662,M17521,M,299.9,309.4,1509,42.8,190,0,0,0,0,0,0
7224,L54403,L,299.8,309.6,1374,51.6,137,0,0,0,0,0,0
9357,L56536,L,298.3,308.9,1270,52.7,44,0,0,0,0,0,0
6910,L54089,L,300.8,311.2,1376,48.1,172,0,0,0,0,0,0
4294,L51473,L,301.8,310.0,1393,44.9,208,0,0,0,0,0,0
6927,H36340,H,301.1,311.6,1417,53.4,0,0,0,0,0,0,0
182,H29595,H,298.2,308.3,1824,24.2,49,0,0,0,0,0,0
413,L47592,L,297.5,308.6,1388,48.2,203,0,0,0,0,0,0
3979,L51158,L,302.2,311.3,1382,46.4,94,0,0,0,0,0,0
872,L48051,L,295.8,306.4,1339,53.2,67,0,0,0,0,0,0
8168,H37581,H,299.7,311.1,1353,47.1,143,0,0,0,0,0,0
2189,L49368,L,299.7,309.3,1420,44.1,60,0,0,0,0,0,0
3804,L50983,L,302.2,310.9,1531,37.5,60,0,0,0,0,0,0
788,L47967,L,296.9,308.1,1435,45.3,62,0,0,0,0,0,0
1835,L49014,L,297.8,307.2,1498,38.1,188,0,0,0,0,0,0
5472,L52651,L,302.7,312.3,1346,61.2,170,0,0,0,0,0,1
9209,L56388,L,298.0,308.9,1406,40.9,77,0,0,0,0,0,0
1155,L48334,L,296.9,307.9,1626,29.9,177,0,0,0,0,0,0
883,M15742,M,295.7,306.2,1739,25.9,94,0,0,0,0,0,0
4591,L51770,L,302.8,311.1,1456,36.1,89,0,0,0,0,0,0
183,M15042,M,298.1,308.2,1342,48.1,54,0,0,0,0,0,0
3731,M18590,M,302.3,311.2,1405,47.7,88,0,0,0,0,0,0
8284,H37697,H,298.9,310.6,1615,33.0,221,0,0,0,0,0,0
8834,L56013,L,297.4,308.8,1529,41.3,165,0,0,0,0,0,0
5450,L52629,L,303.1,312.8,2329,15.1,113,0,0,0,0,0,0
568,M15427,M,297.7,309.7,1680,30.2,168,0,0,0,0,0,0
3133,L50312,L,300.1,309.5,1557,40.6,59,0,0,0,0,0,0
5449,L52628,L,303.0,312.7,1551,41.8,111,0,0,0,0,0,0
6161,L53340,L,301.0,310.9,1570,34.0,192,0,0,0,0,0,0
1779,L48958,L,298.6,308.2,1325,54.0,41,0,0,0,0,0,0
9772,M24631,M,298.7,309.6,1424,50.4,32,0,0,0,0,0,0
4806,L51985,L,303.6,312.6,1606,33.6,184,0,0,0,0,0,0
8770,M23629,M,297.4,308.6,1452,41.2,197,0,0,0,0,0,0
3652,L50831,L,302.1,311.5,1444,44.9,97,0,0,0,0,0,0
9274,H38687,H,298.2,308.7,1520,35.7,40,0,0,0,0,0,0
1422,L48601,L,298.7,309.8,1589,31.8,217,0,0,0,0,0,0
859,M15718,M,296.2,307.0,1516,37.6,25,0,0,0,0,0,0
6142,L53321,L,300.8,310.8,1486,45.7,146,0,0,0,0,0,0
838,L48017,L,296.6,307.4,1465,47.8,187,0,0,0,0,0,0
5620,L52799,L,303.0,312.3,1932,21.9,132,0,0,0,0,0,0
1087,L48266,L,297.0,307.9,1455,49.0,204,0,0,0,0,0,0
8451,L55630,L,298.4,310.0,1559,44.2,23,0,0,0,0,0,0
3559,L50738,L,301.7,310.6,1743,26.2,71,0,0,0,0,0,0
4286,L51465,L,301.7,309.9,1317,49.0,187,1,0,1,0,0,0
5189,L52368,L,304.0,313.2,1632,30.6,121,0,0,0,0,0,0
8827,M23686,M,297.2,308.8,1485,47.9,143,0,0,0,0,0,0
5305,L52484,L,303.9,313.1,1425,49.3,199,0,0,0,0,0,0
402,L47581,L,297.5,308.5,1722,30.4,178,0,0,0,0,0,0
3981,M18840,M,302.2,311.3,1375,47.0,98,0,0,0,0,0,0
7056,L54235,L,300.8,310.6,1663,30.6,139,0,0,0,0,0,0
7506,L54685,L,300.5,311.9,1546,39.4,203,0,0,0,0,0,0
5077,L52256,L,304.2,313.2,1464,44.9,37,0,0,0,0,0,0
4348,H33761,H,301.9,309.8,1724,27.5,126,0,0,0,0,0,0
6408,M21267,M,300.3,309.9,1611,29.0,177,0,0,0,0,0,0
8467,L55646,L,298.7,309.8,1469,38.4,62,0,0,0,0,0,0
1127,L48306,L,296.8,307.9,1706,30.8,111,0,0,0,0,0,0
9158,L56337,L,297.5,308.5,1462,52.3,148,0,0,0,0,0,0
7735,L54914,L,300.6,312.0,1670,29.4,134,0,0,0,0,0,0
3062,L50241,L,300.1,309.1,1353,58.7,86,0,0,0,0,0,0
3791,L50970,L,302.3,310.9,1412,48.9,28,0,0,0,0,0,0
7082,L54261,L,300.7,310.4,1366,52.6,205,0,0,0,0,0,0
3206,M18065,M,300.1,308.9,1548,38.4,31,0,0,0,0,0,0
9508,L56687,L,299.3,310.5,1505,38.8,30,0,0,0,0,0,0
6627,L53806,L,301.6,310.6,1613,42.5,97,0,0,0,0,0,0
3822,L51001,L,302.3,310.9,1596,33.5,104,0,0,0,0,0,0
2865,H32278,H,300.6,309.4,1380,47.6,246,1,1,0,0,0,0
2105,M16964,M,299.3,309.1,1600,35.3,52,0,0,0,0,0,0
3558,M18417,M,301.8,310.7,1309,43.3,68,0,0,0,0,0,0
225,L47404,L,298.3,308.6,1584,29.3,162,0,0,0,0,0,0
7861,L55040,L,300.5,312.0,1415,44.6,23,0,0,0,0,0,0
236,M15095,M,298.1,308.3,1680,33.7,185,0,0,0,0,0,0
8778,H38191,H,297.5,308.6,1481,38.8,14,0,0,0,0,0,0
6792,L53971,L,301.2,310.7,1551,41.2,82,0,0,0,0,0,0
171,M15030,M,298.4,308.2,1610,35.0,24,0,0,0,0,0,0
2541,L49720,L,299.1,308.8,1502,38.3,88,0,0,0,0,0,0
9667,M24526,M,299.1,310.3,1838,24.0,235,0,0,0,0,0,0
377,M15236,M,297.4,308.2,1401,51.9,117,0,0,0,0,0,0
6128,L53307,L,300.9,310.9,1228,66.4,109,0,0,0,0,0,0
9436,L56615,L,298.0,308.7,1443,49.3,52,0,0,0,0,0,0
2685,L49864,L,299.8,309.4,1460,37.4,25,0,0,0,0,0,0
2435,M17294,M,299.0,308.2,1358,42.7,50,0,0,0,0,0,0
4760,L51939,L,303.5,311.6,1361,46.5,62,1,0,1,0,0,0
1751,M16610,M,298.4,307.8,1617,31.6,173,0,0,0,0,0,0
1536,L48715,L,298.0,308.8,1581,36.1,73,0,0,0,0,0,0
6751,M21610,M,301.7,311.0,1505,44.0,187,0,0,0,0,0,0
8161,M23020,M,299.7,311.1,1618,30.3,125,0,0,0,0,0,0
954,L48133,L,295.5,306.1,1650,32.8,67,0,0,0,0,0,0
9570,M24429,M,299.8,311.0,1948,20.0,185,0,0,0,0,0,0
9033,L56212,L,297.4,308.3,1723,28.8,33,0,0,0,0,0,0
2498,M17357,M,299.2,308.9,1521,42.3,215,0,0,0,0,0,0
5345,L52524,L,303.4,312.8,1360,50.8,94,0,0,0,0,0,0
8880,L56059,L,298.0,309.2,1527,39.5,85,0,0,0,0,0,0
1022,M15881,M,296.3,307.2,1454,42.5,35,0,0,0,0,0,0
1487,M16346,M,298.2,309.2,1524,34.6,161,0,0,0,0,0,0
6762,L53941,L,301.5,310.9,1400,50.8,2,0,0,0,0,0,0
8209,L55388,L,299.2,310.7,1477,44.0,19,0,0,0,0,0,0
335,M15194,M,297.5,308.1,1469,44.8,5,0,0,0,0,0,0
8019,L55198,L,301.0,311.9,1889,23.5,198,0,0,0,0,0,0
281,M15140,M,298.1,308.1,1456,43.7,80,0,0,0,0,0,0
9447,H38860,H,298.1,308.9,1388,53.5,83,0,0,0,0,0,0
507,L47686,L,297.6,309.3,1543,34.3,8,0,0,0,0,0,0
3004,M17863,M,300.6,309.9,1449,42.4,169,0,0,0,0,0,0
840,M15699,M,296.5,307.4,1565,43.5,194,0,0,0,0,0,0
1218,L48397,L,297.0,308.1,1455,43.5,122,0,0,0,0,0,0
6344,L53523,L,300.2,309.8,1827,23.0,6,0,0,0,0,0,0
1527,L48706,L,298.1,309.0,1787,27.6,47,0,0,0,0,0,0
4822,L52001,L,303.5,311.9,1405,45.6,10,0,0,0,0,0,0
5421,L52600,L,302.6,312.3,1512,34.2,44,0,0,0,0,0,0
2924,M17783,M,300.7,309.7,1397,51.3,155,0,0,0,0,0,0
302,L47481,L,297.7,308.4,1740,27.1,136,0,0,0,0,0,0
4361,L51540,L,302.1,310.1,1543,35.8,164,0,0,0,0,0,0
8904,M23763,M,297.4,308.7,1382,49.9,151,0,0,0,0,0,0
1839,M16698,M,297.8,307.2,1456,39.6,199,0,0,0,0,0,0
4036,L51215,L,302.0,310.8,1454,36.6,0,0,0,0,0,0,0
5023,L52202,L,304.0,313.1,1404,47.1,90,0,0,0,0,0,0
9876,M24735,M,298.9,309.8,1363,50.6,115,0,0,0,0,0,0
7666,L54845,L,300.5,311.6,1497,40.5,180,0,0,0,0,0,0
4103,L51282,L,302.0,310.4,1450,46.6,165,0,0,0,0,0,0
2506,L49685,L,299.2,309.1,1387,48.7,4,0,0,0,0,0,0
2494,M17353,M,299.0,308.8,1418,45.7,204,0,0,0,0,0,0
5251,L52430,L,303.5,312.9,1332,52.9,66,0,0,0,0,0,0
1467,L48646,L,298.7,309.8,1365,50.5,111,0,0,0,0,0,0
2279,M17138,M,299.3,308.7,1459,35.6,87,0,0,0,0,0,0
3782,L50961,L,302.3,310.8,1465,43.8,7,0,0,0,0,0,0
5404,L52583,L,302.7,312.3,1858,25.4,2,0,0,0,0,0,0
4551,M19410,M,302.5,310.5,1507,40.2,201,0,0,0,0,0,0
6920,L54099,L,301.0,311.5,1444,39.8,197,0,0,0,0,0,0
7889,L55068,L,300.7,312.3,1577,33.2,100,0,0,0,0,0,0
8808,M23667,M,297.4,308.6,1604,32.8,85,0,0,0,0,0,0
8031,L55210,L,300.6,312.0,1490,42.2,3,0,0,0,0,0,0
8355,L55534,L,298.6,309.6,1390,50.3,196,0,0,0,0,0,0
2679,L49858,L,299.8,309.6,1447,43.1,12,0,0,0,0,0,0
3130,L50309,L,300.1,309.6,1642,34.5,53,0,0,0,0,0,0
2693,L49872,L,300.1,309.7,1641,30.4,41,0,0,0,0,0,0
9288,L56467,L,298.2,308.9,1709,28.1,81,0,0,0,0,0,0
479,L47658,L,297.4,309.0,1833,22.6,161,0,0,0,0,0,0
8473,L55652,L,298.5,309.7,1634,37.8,78,0,0,0,0,0,0
7404,L54583,L,299.8,310.8,1376,48.6,159,0,0,0,0,0,0
1032,L48211,L,296.4,307.5,1549,36.1,58,0,0,0,0,0,0
2140,L49319,L,299.3,309.0,1415,47.6,156,0,0,0,0,0,0
8342,L55521,L,298.8,309.7,1751,29.6,160,0,0,0,0,0,0
2909,L50088,L,300.7,309.5,1251,59.9,120,0,0,0,0,0,0
9965,L57144,L,298.3,307.9,1766,26.5,145,0,0,0,0,0,0
4255,L51434,L,302.6,311.0,1284,68.0,114,1,0,1,1,0,0
1213,L48392,L,296.9,307.9,1359,56.5,110,0,0,0,0,0,0
9107,L56286,L,297.4,308.3,1854,21.8,24,0,0,0,0,0,0
8270,H37683,H,299.2,310.8,1761,30.4,180,0,0,0,0,0,0
6707,L53886,L,301.4,310.6,1381,46.1,70,0,0,0,0,0,0
8732,H38145,H,297.2,308.6,1486,46.6,98,0,0,0,0,0,0
3842,L51021,L,302.4,311.1,1565,42.8,163,0,0,0,0,0,0
237,L47416,L,298.1,308.3,1495,38.7,188,0,0,0,0,0,0
474,M15333,M,297.4,309.0,1520,37.0,147,0,0,0,0,0,0
4497,M19356,M,302.5,310.4,1605,36.0,69,0,0,0,0,0,0
52,L47231,L,298.9,309.1,1383,54.9,145,0,0,0,0,0,0
6430,M21289,M,300.2,309.8,1394,47.4,21,0,0,0,0,0,0
2991,L50170,L,300.6,309.8,1688,28.6,135,0,0,0,0,0,0
2619,M17478,M,299.4,309.1,1461,48.6,70,0,0,0,0,0,0
6459,M21318,M,300.6,310.0,1302,62.9,87,0,0,0,0,0,0
9154,L56333,L,297.5,308.6,1546,33.8,139,0,0,0,0,0,0
3754,L50933,L,302.2,311.0,1463,46.8,150,0,0,0,0,0,0
8127,L55306,L,300.2,311.4,1433,37.9,36,0,0,0,0,0,0
5236,M20095,M,303.7,312.9,1511,41.0,33,0,0,0,0,0,0
5351,M20210,M,303.4,312.8,1622,35.1,107,0,0,0,0,0,0
4871,M19730,M,303.7,312.4,1631,28.5,132,0,0,0,0,0,0
3755,L50934,L,302.3,311.0,1442,43.7,152,0,0,0,0,0,0
9002,L56181,L,297.0,307.8,1500,39.9,175,0,0,0,0,0,0
2366,L49545,L,299.4,308.5,1845,22.9,76,0,0,0,0,0,0
8237,L55416,L,299.2,310.6,1498,41.1,88,0,0,0,0,0,0
9322,L56501,L,298.4,309.2,1335,53.5,168,0,0,0,0,0,0
6114,M20973,M,300.7,310.8,1724,30.0,76,0,0,0,0,0,0
765,L47944,L,296.8,307.9,1337,56.5,5,0,0,0,0,0,0
6520,L53699,L,301.1,310.1,1417,46.9,35,0,0,0,0,0,0
172,L47351,L,298.2,308.1,1462,50.8,27,0,0,0,0,0,0
9719,L56898,L,298.9,309.9,1517,36.6,117,0,0,0,0,0,0
9246,L56425,L,298.3,308.9,1708,27.3,170,0,0,0,0,0,0
8059,L55238,L,300.3,311.6,1515,44.9,69,0,0,0,0,0,0
2572,M17431,M,299.5,309.2,1497,40.9,169,0,0,0,0,0,0
825,L48004,L,296.6,307.4,1436,42.8,156,0,0,0,0,0,0
2758,L49937,L,299.8,309.2,1439,36.1,203,0,0,0,0,0,0
3412,L50591,L,301.3,310.3,1419,55.7,125,0,0,0,0,0,0
3323,L50502,L,301.5,310.5,1351,52.9,116,0,0,0,0,0,0
8126,L55305,L,300.2,311.4,1452,47.8,34,0,0,0,0,0,0
5917,L53096,L,300.6,310.2,1555,41.9,19,0,0,0,0,0,0
8943,L56122,L,297.3,308.3,2188,17.0,32,0,0,0,0,0,0
3836,M18695,M,302.3,311.1,1435,43.1,149,0,0,0,0,0,0
6306,M21165,M,301.1,310.5,1603,32.6,121,0,0,0,0,0,0
6532,H35945,H,301.2,310.7,1656,26.2,64,0,0,0,0,0,0
3733,M18592,M,302.2,311.2,1347,49.8,94,0,0,0,0,0,0
4147,L51326,L,301.8,310.3,1482,41.4,63,0,0,0,0,0,0
1434,L48613,L,298.8,309.8,1363,44.0,25,0,0,0,0,0,0
3455,L50634,L,301.5,310.4,1918,21.8,9,0,0,0,0,0,0
2417,L49596,L,299.0,308.4,1571,38.6,5,0,0,0,0,0,0
3301,H32714,H,301.3,310.4,1538,38.4,65,0,0,0,0,0,0
5841,M20700,M,301.3,311.1,1581,30.9,31,0,0,0,0,0,0
5811,L52990,L,301.3,311.0,1856,21.9,189,0,0,0,0,0,0
3876,L51055,L,302.6,311.8,1427,50.1,21,0,0,0,0,0,0
2346,L49525,L,299.2,308.4,1475,38.7,22,0,0,0,0,0,0
9379,L56558,L,297.6,308.3,1816,28.8,106,0,0,0,0,0,0
3821,L51000,L,302.3,310.8,1421,41.4,102,0,0,0,0,0,0
5462,M20321,M,302.9,312.3,1339,52.1,145,0,0,0,0,0,0
2594,H32007,H,298.9,308.5,1415,54.0,6,0,0,0,0,0,0
732,M15591,M,297.3,308.6,1431,53.0,160,0,0,0,0,0,0
7855,L55034,L,300.3,311.8,1551,37.2,9,0,0,0,0,0,0
5277,L52456,L,303.5,313.0,1606,34.0,126,0,0,0,0,0,0
6450,L53629,L,300.6,310.2,1519,44.6,69,0,0,0,0,0,0
3728,L50907,L,302.3,311.2,1786,24.3,81,0,0,0,0,0,0
3156,L50335,L,300.5,309.8,1367,54.0,129,0,0,0,0,0,0
9184,L56363,L,297.9,309.1,1543,36.6,20,0,0,0,0,0,0
3987,M18846,M,302.2,311.3,1577,29.8,112,0,0,0,0,0,0
3574,L50753,L,301.8,310.6,1452,48.4,110,0,0,0,0,0,0
3346,L50525,L,301.3,310.7,1594,34.1,172,0,0,0,0,0,0
5049,H34462,H,304.0,313.2,1271,68.6,161,1,0,0,1,0,0
5144,M20003,M,304.3,313.5,1525,42.0,2,0,0,0,0,0,0
9796,L56975,L,298.5,309.3,1623,33.1,109,0,0,0,0,0,0
9440,M24299,M,298.1,308.8,1433,48.2,62,0,0,0,0,0,0
9806,L56985,L,298.4,309.2,1651,28.5,141,0,0,0,0,0,0
7065,M21924,M,300.8,310.5,1696,29.7,162,0,0,0,0,0,0
6855,L54034,L,301.0,311.2,1511,42.9,26,0,0,0,0,0,0
7060,L54239,L,300.6,310.5,1644,33.8,148,0,0,0,0,0,0
6801,M21660,M,301.1,310.6,1310,48.8,103,0,0,0,0,0,0
3363,L50542,L,301.4,310.6,1445,43.9,210,0,0,0,0,0,0
629,M15488,M,298.4,310.1,1335,57.8,96,0,0,0,0,0,0
7681,L54860,L,300.7,311.7,1395,43.7,215,0,0,0,0,0,0
4305,L51484,L,301.6,310.1,1694,26.3,14,0,0,0,0,0,0
5127,L52306,L,304.3,313.5,1802,25.4,170,0,0,0,0,0,0
6773,L53952,L,301.3,310.7,1536,39.3,31,0,0,0,0,0,0
2367,L49546,L,299.3,308.5,1485,44.7,78,0,0,0,0,0,0
7322,L54501,L,299.8,310.2,1911,23.5,166,0,0,0,0,0,0
6023,L53202,L,300.7,310.9,1521,39.4,61,0,0,0,0,0,0
8338,M23197,M,298.8,309.7,1589,35.3,149,0,0,0,0,0,0
2754,L49933,L,299.7,309.1,1715,27.8,192,0,0,0,0,0,0
3595,M18454,M,301.6,310.4,1452,45.7,164,0,0,0,0,0,0
7281,L54460,L,299.9,310.2,1288,69.6,62,1,0,0,1,0,0
9217,H38630,H,297.7,308.8,1469,43.7,96,0,0,0,0,0,0
4480,L51659,L,302.6,310.2,1923,21.5,18,0,0,0,0,0,0
4512,L51691,L,302.5,310.2,1454,43.0,108,0,0,0,0,0,0
347,M15206,M,297.5,308.3,1459,45.2,34,0,0,0,0,0,0
1772,L48951,L,298.4,307.9,1446,45.3,23,0,0,0,0,0,0
791,L47970,L,296.8,307.9,1420,45.4,70,0,0,0,0,0,0
6590,M21449,M,301.6,310.6,1553,38.9,0,0,0,0,0,0,0
7808,M22667,M,300.0,311.5,1451,49.0,115,0,0,0,0,0,0
9655,L56834,L,299.1,310.0,1367,56.3,203,1,0,0,0,1,0
7558,M22417,M,300.4,311.5,1750,27.3,116,0,0,0,0,0,0
8103,L55282,L,300.3,311.8,1413,46.0,182,0,0,0,0,0,0
2989,M17848,M,300.6,309.8,1532,42.5,130,0,0,0,0,0,0
6639,L53818,L,301.5,310.5,1453,44.2,129,0,0,0,0,0,0
53,H29466,H,298.8,309.0,1497,43.8,147,0,0,0,0,0,0
5076,L52255,L,304.1,313.2,1366,46.6,35,0,0,0,0,0,0
1758,M16617,M,298.1,307.4,1335,56.2,190,0,0,0,0,0,0
4875,L52054,L,303.8,312.5,1619,30.9,142,0,0,0,0,0,0
4458,M19317,M,302.5,310.3,1710,27.3,186,0,0,0,0,0,0
1652,L48831,L,298.0,307.8,1414,51.7,140,0,0,0,0,0,0
6380,L53559,L,300.1,309.7,1485,45.9,100,0,0,0,0,0,0
4403,H33816,H,302.3,310.2,1506,33.8,43,0,0,0,0,0,0
4072,L51251,L,301.9,310.6,1331,68.6,85,1,0,0,1,0,0
4371,L51550,L,302.0,309.9,1308,57.6,197,1,0,1,0,1,0
4473,L51652,L,302.7,310.6,1501,48.7,4,0,0,0,0,0,0
4005,L51184,L,302.0,311.1,1373,55.7,157,0,0,0,0,0,0
6588,M21447,M,301.6,310.7,1813,24.6,210,0,0,0,0,0,0
2085,L49264,L,299.5,309.3,1442,46.2,5,0,0,0,0,0,0
4856,L52035,L,303.7,312.3,1375,46.2,98,0,0,0,0,0,0
2666,L49845,L,299.8,309.4,2256,15.9,201,0,0,0,0,0,0
1257,M16116,M,297.5,308.9,1535,37.7,12,0,0,0,0,0,0
4725,L51904,L,303.4,311.9,1771,31.6,202,0,0,0,0,0,0
2145,L49324,L,299.4,308.9,1451,40.5,168,0,0,0,0,0,0
2806,L49985,L,300.0,309.4,1460,43.5,102,0,0,0,0,0,0
4196,L51375,L,302.5,311.0,1548,38.4,188,0,0,0,0,0,0
5947,L53126,L,300.7,310.8,1496,46.4,90,0,0,0,0,0,0
554,M15413,M,297.4,309.3,1564,36.0,126,0,0,0,0,0,0
9967,L57146,L,298.3,307.9,1507,41.2,149,0,0,0,0,0,0
7279,H36692,H,300.0,310.1,1714,28.7,55,0,0,0,0,0,0
2118,H31531,H,299.4,308.9,1762,29.3,91,0,0,0,0,0,0
5527,L52706,L,302.5,311.9,1520,44.9,94,0,0,0,0,0,0
4683,L51862,L,303.6,311.8,1567,31.7,97,0,0,0,0,0,0
2621,L49800,L,299.4,309.2,1556,35.7,75,0,0,0,0,0,0
5793,M20652,M,301.8,311.3,1624,31.6,145,0,0,0,0,0,0
1119,L48298,L,296.5,307.5,1443,41.8,87,0,0,0,0,0,0
1557,H30970,H,298.4,308.5,1398,47.1,122,0,0,0,0,0,0
2870,L50049,L,300.8,309.7,1519,35.8,14,0,0,0,0,0,0
8791,L55970,L,297.4,308.5,1410,43.9,47,0,0,0,0,0,0
987,H30400,H,296.4,307.1,1638,32.5,146,0,0,0,0,0,0
8875,L56054,L,298.1,309.3,1443,45.3,70,0,0,0,0,0,0
5057,M19916,M,303.9,312.9,1430,53.5,189,0,0,0,0,0,0
4073,L51252,L,301.9,310.6,1610,33.4,87,0,0,0,0,0,0
9532,L56711,L,299.2,310.5,1458,44.1,91,0,0,0,0,0,0
4679,H34092,H,303.6,311.7,1476,40.1,85,0,0,0,0,0,0
8221,M23080,M,298.9,310.3,1551,35.2,50,0,0,0,0,0,0
4461,L51640,L,302.6,310.5,1596,32.8,193,0,0,0,0,0,0
828,L48007,L,296.5,307.3,1501,42.1,162,0,0,0,0,0,0
2893,L50072,L,300.7,309.6,1329,54.3,80,0,0,0,0,0,0
2978,L50157,L,300.4,309.3,1413,50.3,101,0,0,0,0,0,0
8232,L55411,L,299.1,310.5,1419,48.8,76,0,0,0,0,0,0
2716,M17575,M,299.5,309.0,1701,28.6,98,0,0,0,0,0,0
345,M15204,M,297.5,308.2,2448,13.8,29,0,0,0,0,0,0
4772,M19631,M,303.6,311.9,1617,36.0,95,0,0,0,0,0,0
2671,L49850,L,299.8,309.4,1467,46.2,219,0,0,0,0,0,0
9349,L56528,L,298.2,308.7,1436,49.1,26,0,0,0,0,0,0
2967,L50146,L,300.6,309.3,1601,40.2,69,0,0,0,0,0,0
5483,L52662,L,302.6,312.1,1782,26.8,198,0,0,0,0,0,0
3491,M18350,M,301.9,310.9,1763,28.4,103,0,0,0,0,0,0
7202,L54381,L,300.0,309.8,1474,40.6,78,0,0,0,0,0,0
7615,L54794,L,300.5,311.4,1432,47.5,51,0,0,0,0,0,0
8283,M23142,M,298.9,310.7,1638,33.6,218,0,0,0,0,0,0
8471,L55650,L,298.7,309.9,1464,38.0,74,0,0,0,0,0,0
9982,L57161,L,298.7,308.5,1353,47.0,190,0,0,0,0,0,0
9480,H38893,H,298.9,309.6,1600,33.5,175,0,0,0,0,0,0
6692,M21551,M,301.7,311.0,1510,47.8,27,0,0,0,0,0,0
5892,L53071,L,301.4,311.0,1334,53.3,157,0,0,0,0,0,0
8252,L55431,L,299.0,310.4,1981,21.2,125,0,0,0,0,0,0
6574,M21433,M,301.4,310.6,1855,25.3,178,0,0,0,0,0,0
3314,L50493,L,301.4,310.4,1737,31.9,96,0,0,0,0,0,0
4065,L51244,L,301.9,310.7,1480,47.1,68,0,0,0,0,0,0
7434,M22293,M,300.1,311.4,1913,21.9,15,0,0,0,0,0,0
5595,L52774,L,302.6,311.9,1598,35.5,69,0,0,0,0,0,0
806,M15665,M,297.0,307.9,1412,47.4,112,0,0,0,0,0,0
8952,L56131,L,297.3,308.1,1763,28.4,54,0,0,0,0,0,0
2287,M17146,M,299.4,308.7,1289,60.5,104,0,0,0,0,0,0
1962,L49141,L,297.8,307.5,1448,51.2,107,0,0,0,0,0,0
6369,M21228,M,300.0,309.6,1423,48.7,67,0,0,0,0,0,0
6736,L53915,L,301.6,311.0,1485,40.1,142,0,0,0,0,0,0
3424,L50603,L,301.4,310.4,1496,35.2,153,0,0,0,0,0,0
6503,L53682,L,300.9,310.0,2595,13.7,207,0,0,0,0,0,0
7203,L54382,L,300.0,309.7,1326,61.9,80,0,0,0,0,0,0
7153,L54332,L,300.2,309.9,1566,36.4,170,0,0,0,0,0,0
1521,L48700,L,298.3,309.1,1472,40.1,31,0,0,0,0,0,0
1960,M16819,M,297.8,307.6,1352,49.4,102,0,0,0,0,0,0
3923,M18782,M,302.6,311.4,1757,29.5,151,0,0,0,0,0,0
7995,L55174,L,301.0,312.3,1424,43.5,136,0,0,0,0,0,0
4089,L51268,L,301.9,310.5,1477,42.4,128,0,0,0,0,0,0
9360,M24219,M,298.1,308.7,1581,47.4,51,0,0,0,0,0,0
952,H30365,H,295.6,306.3,1509,35.8,60,0,0,0,0,0,0
7851,M22710,M,300.3,311.7,1447,36.8,0,0,0,0,0,0,0
9942,L57121,L,298.4,308.1,1395,44.0,92,0,0,0,0,0,0
8503,H37916,H,298.6,309.8,1279,55.9,152,0,0,0,0,0,0
5313,L52492,L,303.6,312.9,1873,23.5,7,0,0,0,0,0,0
8694,M23553,M,297.2,308.5,1584,40.0,4,0,0,0,0,0,0
2226,M17085,M,299.7,309.0,1465,49.0,158,0,0,0,0,0,0
1558,L48737,L,298.3,308.4,1585,30.6,127,0,0,0,0,0,0
8669,L55848,L,297.5,308.8,1502,45.9,150,0,0,0,0,0,0
2249,M17108,M,299.3,308.5,1304,60.6,8,0,0,0,0,0,0
4101,L51280,L,302.0,310.4,1895,23.2,161,0,0,0,0,0,0
3860,L51039,L,302.6,311.5,1599,37.0,211,0,0,0,0,0,0
1965,M16824,M,297.8,307.5,1405,46.9,113,0,0,0,0,0,0
9812,L56991,L,298.2,309.0,1610,31.7,155,0,0,0,0,0,0
5842,M20701,M,301.3,311.1,1678,30.7,34,0,0,0,0,0,0
442,H29855,H,297.5,308.5,1393,46.6,56,0,0,0,0,0,0
1553,L48732,L,298.5,308.9,1781,27.8,113,0,0,0,0,0,0
8247,L55426,L,299.0,310.3,1552,39.9,114,0,0,0,0,0,0
5730,M20589,M,302.3,311.8,1463,35.7,197,0,0,0,0,0,0
6760,L53939,L,301.7,311.0,1441,44.3,208,1,1,0,0,0,0
8341,M23200,M,298.8,309.7,1480,38.1,157,0,0,0,0,0,0
1409,L48588,L,298.9,310.0,1452,48.9,185,0,0,0,0,0,0
1770,L48949,L,298.4,307.9,1981,23.2,16,0,0,0,0,0,0
1852,M16711,M,297.7,307.3,1365,49.2,36,0,0,0,0,0,0
4616,L51795,L,303.0,311.3,1793,29.3,157,0,0,0,0,0,0
1168,L48347,L,297.0,308.1,1362,52.5,213,1,0,0,0,1,0
2001,L49180,L,298.4,308.1,1279,53.1,9,0,0,0,0,0,0
8368,L55547,L,298.9,309.8,1390,49.9,21,0,0,0,0,0,0
8993,H38406,H,297.2,307.9,1450,37.2,151,0,0,0,0,0,0
9829,L57008,L,298.4,309.4,1385,50.0,201,0,0,0,0,0,0
6158,L53337,L,301.1,311.2,1774,29.6,186,0,0,0,0,0,0
9640,L56819,L,299.3,310.4,1725,26.8,167,0,0,0,0,0,0
7697,H37110,H,300.6,311.5,1282,60.2,24,0,0,0,0,0,0
5311,L52490,L,303.8,313.0,1427,43.0,0,0,0,0,0,0,0
2068,L49247,L,299.7,309.6,1553,36.8,174,0,0,0,0,0,0
412,L47591,L,297.5,308.7,1429,44.3,201,0,0,0,0,0,0
5073,L52252,L,304.1,313.0,1408,45.3,28,0,0,0,0,0,0
1081,L48260,L,297.0,307.8,1774,28.0,188,0,0,0,0,0,0
1661,L48840,L,298.2,308.0,1499,44.1,166,0,0,0,0,0,0
1351,L48530,L,298.7,310.2,1436,47.5,32,0,0,0,0,0,0
4014,M18873,M,302.2,311.1,1728,34.0,179,0,0,0,0,0,0
1330,H30743,H,298.8,310.2,1663,30.4,209,0,0,0,0,0,0
9058,M23917,M,297.3,308.4,1686,34.5,97,0,0,0,0,0,0
5689,M20548,M,302.3,311.7,1423,44.6,93,0,0,0,0,0,0
1636,L48815,L,297.8,307.8,1383,56.5,98,0,0,0,0,0,0
1833,M16692,M,297.8,307.4,1330,51.7,183,0,0,0,0,0,0
8277,L55456,L,298.8,310.5,1384,52.8,200,0,0,0,0,0,0
1439,L48618,L,298.8,309.9,1482,39.1,45,0,0,0,0,0,0
9005,M23864,M,297.1,307.8,1538,34.3,181,0,0,0,0,0,0
6037,M20896,M,300.6,311.0,1401,54.6,94,0,0,0,0,0,0
7408,H36821,H,299.8,310.9,1427,47.2,168,0,0,0,0,0,0
1288,L48467,L,298.5,309.6,1419,41.5,105,0,0,0,0,0,0
1472,L48651,L,298.5,309.6,1421,53.6,122,0,0,0,0,0,0
9890,H39303,H,298.8,309.6,1516,40.2,152,0,0,0,0,0,0
4239,M19098,M,302.3,311.0,1521,34.8,72,0,0,0,0,0,0
4296,L51475,L,301.8,310.2,1457,40.4,213,0,0,0,0,0,0
9877,H39290,H,298.8,309.7,1461,55.1,118,0,0,0,0,0,0
2324,M17183,M,299.2,308.7,1401,47.0,198,0,0,0,0,0,0
2297,L49476,L,299.4,308.7,1553,42.7,128,0,0,0,0,0,0
221,L47400,L,298.3,308.5,1416,52.7,151,0,0,0,0,0,0
7613,M22472,M,300.5,311.4,1743,27.6,46,0,0,0,0,0,0
1700,L48879,L,298.1,307.7,1289,48.3,42,0,0,0,0,0,0
1065,M15924,M,296.8,307.9,1409,44.3,145,0,0,0,0,0,0
631,L47810,L,298.3,310.0,1460,47.6,101,0,0,0,0,0,0
4192,L51371,L,302.4,311.0,1317,59.4,179,0,0,0,0,0,0
9947,L57126,L,298.3,307.9,1502,42.0,103,0,0,0,0,0,0
8112,M22971,M,300.4,311.8,1553,33.1,209,1,1,0,0,0,0
9984,L57163,L,298.7,308.4,1694,28.7,195,0,0,0,0,0,0
8356,L55535,L,298.7,309.6,1502,46.7,198,0,0,0,0,0,0
3982,M18841,M,302.2,311.3,1931,21.9,101,0,0,0,0,0,0
2862,L50041,L,300.7,309.5,1479,43.6,240,0,0,0,0,0,0
7437,L54616,L,300.0,311.4,1487,41.2,22,0,0,0,0,0,0
4244,M19103,M,302.4,310.9,1435,42.3,83,0,0,0,0,0,0
7630,M22489,M,300.5,311.7,1269,64.0,87,0,0,0,0,0,0
9663,M24522,M,299.1,310.1,1570,30.9,226,0,0,0,0,0,0
7848,L55027,L,300.2,311.6,1322,50.9,215,0,0,0,0,0,0
670,H30083,H,297.5,308.9,1471,37.7,197,0,0,0,0,0,0
3268,L50447,L,301.3,310.0,1550,41.5,197,0,0,0,0,0,0
6897,M21756,M,301.0,311.6,1454,40.0,140,0,0,0,0,0,0
447,L47626,L,297.5,308.6,1452,39.0,72,0,0,0,0,0,0
7966,L55145,L,301.1,312.3,1464,35.3,65,0,0,0,0,0,0
9229,M24088,M,298.1,309.1,1572,37.5,126,0,0,0,0,0,0
5655,L52834,L,302.3,311.6,1544,34.3,0,0,0,0,0,0,0
2895,L50074,L,300.7,309.6,1733,24.8,85,0,0,0,0,0,0
4869,L52048,L,303.6,312.4,1418,46.0,128,0,0,0,0,0,0
6750,L53929,L,301.7,311.0,1585,35.9,185,0,0,0,0,0,0
9904,M24763,M,298.7,309.2,1437,45.7,195,0,0,0,0,0,0
2729,L49908,L,299.7,309.3,1779,25.5,129,0,0,0,0,0,0
3775,M18634,M,302.4,311.1,1480,45.7,200,0,0,0,0,0,0
3895,M18754,M,302.3,311.2,1432,42.7,68,0,0,0,0,0,0
4042,L51221,L,302.0,310.9,1539,34.2,13,0,0,0,0,0,0
1548,L48727,L,298.3,308.9,1348,55.5,102,0,0,0,0,0,0
153,M15012,M,298.4,308.2,1584,41.0,191,0,0,0,0,0,0
6317,L53496,L,300.9,310.4,1544,36.0,148,0,0,0,0,0,0
7894,L55073,L,300.9,312.7,1416,43.8,112,0,0,0,0,0,0
1546,M16405,M,298.4,309.0,1544,38.8,97,0,0,0,0,0,0
7120,L54299,L,301.0,310.5,1378,44.4,83,0,0,0,0,0,0
5409,L52588,L,302.6,312.4,1628,33.0,15,0,0,0,0,0,0
7653,L54832,L,300.3,311.4,1346,51.1,147,0,0,0,0,0,0
1761,L48940,L,298.1,307.5,1684,33.1,200,0,0,0,0,0,0
9687,L56866,L,299.1,310.1,1486,40.7,39,0,0,0,0,0,0
2803,M17662,M,300.3,309.6,1509,46.6,95,0,0,0,0,0,0
1161,H30574,H,297.0,307.7,1834,23.8,195,0,0,0,0,0,0
2313,M17172,M,299.1,308.6,1441,36.2,169,0,0,0,0,0,0
7935,M22794,M,300.8,311.9,1621,28.3,211,0,0,0,0,0,0
9543,L56722,L,299.6,310.9,1716,28.5,117,0,0,0,0,0,0
8829,L56008,L,297.3,308.7,1587,35.8,148,0,0,0,0,0,0
2921,L50100,L,300.7,309.7,1598,33.7,149,0,0,0,0,0,0
5669,M20528,M,302.2,311.4,1432,45.3,33,0,0,0,0,0,0
6135,L53314,L,301.0,311.0,1581,37.0,127,0,0,0,0,0,0
1373,M16232,M,298.8,310.3,1573,41.8,91,0,0,0,0,0,0
1899,L49078,L,297.8,307.5,1372,54.1,157,0,0,0,0,0,0
4518,L51697,L,302.4,310.3,1520,31.6,121,0,0,0,0,0,0
3658,L50837,L,302.1,311.5,1477,45.4,111,0,0,0,0,0,0
8241,L55420,L,299.0,310.4,1483,41.5,96,0,0,0,0,0,0
9708,L56887,L,299.0,310.1,1699,32.9,87,0,0,0,0,0,0
3429,L50608,L,301.6,310.6,1391,49.4,164,0,0,0,0,0,0
3123,L50302,L,300.0,309.3,1473,46.0,35,0,0,0,0,0,0
8581,L55760,L,297.5,308.1,1631,30.6,146,0,0,0,0,0,0
9035,H38448,H,297.4,308.2,1585,46.2,37,0,0,0,0,0,0
1468,L48647,L,298.6,309.8,1544,30.2,113,0,0,0,0,0,0
908,M15767,M,295.6,306.1,1669,29.0,161,0,0,0,0,0,0
544,H29957,H,297.5,309.3,1563,36.1,100,0,0,0,0,0,0
951,L48130,L,295.6,306.2,1424,42.5,58,0,0,0,0,0,0
5645,L52824,L,302.5,312.0,1383,51.3,190,0,0,0,0,0,0
3307,L50486,L,301.4,310.5,1432,54.3,81,0,0,0,0,0,0
1299,M16158,M,298.7,309.8,1343,53.6,134,0,0,0,0,0,0
6924,L54103,L,301.2,311.7,1433,49.3,206,0,0,0,0,0,0
2349,L49528,L,299.2,308.4,1436,41.8,28,0,0,0,0,0,0
4964,L52143,L,303.9,312.7,1789,24.4,163,0,0,0,0,0,0
4910,L52089,L,303.5,312.4,1481,43.7,20,0,0,0,0,0,0
3496,M18355,M,301.9,311.0,1384,47.4,121,0,0,0,0,0,0
1461,L48640,L,299.0,310.3,1437,47.8,99,0,0,0,0,0,0
1855,M16714,M,297.6,307.2,1470,42.6,44,0,0,0,0,0,0
7662,L54841,L,300.5,311.6,1575,32.5,168,0,0,0,0,0,0
3596,L50775,L,301.6,310.4,1517,41.1,167,0,0,0,0,0,0
276,L47455,L,298.0,308.0,1401,54.7,65,0,0,0,0,0,0
4137,L51316,L,301.7,310.1,1487,48.0,36,0,0,0,0,0,0
982,L48161,L,296.2,306.8,1655,31.1,136,0,0,0,0,0,0
6131,L53310,L,301.0,310.9,1473,44.2,116,0,0,0,0,0,0
9684,M24543,M,299.0,310.0,1338,56.4,29,0,0,0,0,0,0
1027,L48206,L,296.4,307.4,1512,36.8,46,0,0,0,0,0,0
8659,L55838,L,297.4,308.5,1496,36.4,126,0,0,0,0,0,0
1265,M16124,M,297.8,309.3,2243,15.7,36,0,0,0,0,0,0
8406,M23265,M,298.4,309.5,1484,41.7,119,0,0,0,0,0,0
8824,M23683,M,297.3,308.8,1447,57.4,134,0,0,0,0,0,0
2694,M17553,M,300.1,309.6,1622,36.1,43,0,0,0,0,0,0
4364,H33777,H,302.1,310.1,1844,24.6,171,0,0,0,0,0,0
3588,H33001,H,301.8,310.5,1478,38.6,141,0,0,0,0,0,0
4708,L51887,L,303.5,311.8,1944,23.5,159,0,0,0,0,0,0
2027,M16886,M,298.7,308.5,1360,52.9,69,0,0,0,0,0,0
3423,L50602,L,301.5,310.4,1629,34.1,151,0,0,0,0,0,0
1208,M16067,M,297.0,308.1,1573,34.9,93,0,0,0,0,0,0
8413,M23272,M,298.6,309.7,1314,49.7,136,0,0,0,0,0,0
9653,M24512,M,299.0,310.0,1488,46.3,198,0,0,0,0,0,0
7061,H36474,H,300.6,310.4,1479,35.6,150,0,0,0,0,0,0
9617,L56796,L,298.9,310.1,1580,37.3,100,0,0,0,0,0,0
3299,L50478,L,301.2,310.3,1499,38.1,61,0,0,0,0,0,0
283,M15142,M,298.1,308.1,1390,49.8,85,0,0,0,0,0,0
9657,L56836,L,299.0,310.1,1623,33.0,210,0,0,0,0,0,0
8493,M23352,M,298.4,309.5,1514,38.8,128,0,0,0,0,0,0
47,M14906,M,298.7,309.0,1843,25.8,130,0,0,0,0,0,0
5677,L52856,L,302.3,311.8,1565,37.8,59,0,0,0,0,0,0
2177,M17036,M,299.6,309.3,1387,48.3,25,0,0,0,0,0,0
2343,M17202,M,299.2,308.2,1674,28.2,14,0,0,0,0,0,0
5587,M20446,M,302.4,311.8,1557,31.5,49,0,0,0,0,0,0
4559,L51738,L,302.7,310.7,1369,47.5,11,1,0,1,0,0,0
9333,M24192,M,298.5,309.0,1921,22.0,196,0,0,0,0,0,0
313,L47492,L,297.9,308.6,1468,36.0,168,0,0,0,0,0,0
6406,L53585,L,300.1,309.7,2151,17.5,173,0,0,0,0,0,0
368,M15227,M,297.6,308.4,1569,38.3,93,0,0,0,0,0,0
2490,H31903,H,298.9,308.7,1500,41.6,187,0,0,0,0,0,0
7704,H37117,H,300.7,311.7,1864,23.6,47,0,0,0,0,0,0
3070,L50249,L,300.0,309.1,1791,28.2,108,0,0,0,0,0,0
1346,L48525,L,298.5,310.0,1804,26.1,22,0,0,0,0,0,0
9032,H38445,H,297.5,308.4,1793,23.9,28,0,0,0,0,0,0
9785,M24644,M,298.7,309.8,1435,48.8,71,0,0,0,0,0,0
8087,L55266,L,300.2,311.4,1463,37.5,145,0,0,0,0,0,0
5578,L52757,L,302.4,312.1,1455,40.4,28,0,0,0,0,0,0
4292,L51471,L,301.8,310.0,2032,19.0,203,0,0,0,0,0,0
1810,L48989,L,298.1,307.7,1767,27.0,127,0,0,0,0,0,0
7816,M22675,M,299.9,311.3,1703,28.4,134,0,0,0,0,0,0
1421,M16280,M,298.8,309.9,1495,35.2,214,0,0,0,0,0,0
9086,H38499,H,297.1,307.9,1365,54.0,174,0,0,0,0,0,0
1595,M16454,M,298.0,308.2,1373,51.2,215,0,0,0,0,0,0
1927,L49106,L,298.0,307.7,1606,30.8,17,0,0,0,0,0,0
4692,L51871,L,303.5,311.5,1535,33.3,120,0,0,0,0,0,0
1500,M16359,M,298.1,308.8,2206,16.3,195,0,0,0,0,0,0
17,M14876,M,298.6,309.2,1311,46.6,44,0,0,0,0,0,0
4345,H33758,H,301.8,309.9,1418,51.3,116,0,0,0,0,0,0
4233,L51412,L,302.2,310.9,1452,42.3,56,0,0,0,0,0,0
9547,M24406,M,299.7,311.2,1560,43.9,126,0,0,0,0,0,0
4472,L51651,L,302.8,310.6,1670,29.1,2,0,0,0,0,0,0
1763,H31176,H,298.2,307.6,1460,48.6,204,0,0,0,0,0,0
5133,L52312,L,304.1,313.3,1415,50.0,184,0,0,0,0,0,0
8647,L55826,L,297.5,308.6,1497,43.9,91,0,0,0,0,0,0
364,L47543,L,297.6,308.3,1438,47.8,84,0,0,0,0,0,0
5410,L52589,L,302.7,312.4,1433,44.2,17,0,0,0,0,0,0
2169,M17028,M,299.5,309.1,1420,49.5,5,0,0,0,0,0,0
9492,M24351,M,299.0,309.7,1489,40.7,212,0,0,0,0,0,0
7461,L54640,L,300.0,311.5,1445,41.6,81,0,0,0,0,0,0
2508,H31921,H,299.2,309.1,1410,47.1,9,0,0,0,0,0,0
8910,L56089,L,297.1,308.4,1529,40.4,165,0,0,0,0,0,0
6039,L53218,L,300.7,311.0,1496,38.3,99,0,0,0,0,0,0
5551,M20410,M,302.3,311.9,1508,42.3,159,0,0,0,0,0,0
346,L47525,L,297.5,308.3,1585,32.9,32,0,0,0,0,0,0
5727,M20586,M,302.4,311.9,1398,50.1,188,0,0,0,0,0,0
3874,L51053,L,302.6,311.8,1638,35.1,17,0,0,0,0,0,0
9261,L56440,L,298.2,309.0,1377,57.8,8,0,0,0,0,0,0
3186,L50365,L,300.1,309.3,1685,27.1,203,0,0,0,0,0,0
6688,L53867,L,301.7,311.0,1700,28.7,19,0,0,0,0,0,0
8577,L55756,L,297.6,308.3,1523,39.5,137,0,0,0,0,0,0
